Age,Fare,SibSp,Parch,FamilySize,TicketGroupSize,FarePerPerson,Sex_female,Sex_male,Embarked_C,Embarked_Q,Embarked_S,Title_Master,Title_Miss,Title_Mr,Title_Mrs,Title_Rare,CabinDeck_A,CabinDeck_B,CabinDeck_C,CabinDeck_D,CabinDeck_E,CabinDeck_F,CabinDeck_G,CabinDeck_T,CabinDeck_U,AgeGroup_Adult,AgeGroup_Child,AgeGroup_Middle,AgeGroup_Senior,AgeGroup_Teen,FareCategory_High,FareCategory_Low,FareCategory_Mid,FareCategory_VeryHigh,Pclass_1,Pclass_2,Pclass_3,IsAlone,IsChild
-0.25493235849345375,1.5873126702865439,-0.46508427634374117,-0.46618317148792077,-0.5563385795422586,3.9549093763898493,2.7872011207259737,0.0,1.0,0.0,0.0,1.0,0.0,0.0,1.0,0.0,0.0,0.0,0.0,0.0,0.0,0.0,0.0,0.0,0.0,1.0,1.0,0.0,0.0,0.0,0.0,0.0,0.0,0.0,1.0,0.0,0.0,1.0,1.0,0.0
0.048546473926408054,-1.168780260647378,-0.46508427634374117,-0.46618317148792077,-0.5563385795422586,-0.5490821079184883,-1.0392155180256573,0.0,1.0,0.0,0.0,1.0,0.0,0.0,1.0,0.0,0.0,0.0,0.0,0.0,0.0,0.0,0.0,0.0,0.0,1.0,1.0,0.0,0.0,0.0,0.0,0.0,1.0,0.0,0.0,0.0,1.0,0.0,1.0,0.0
0.8072435549760626,2.0341987979955096,-0.46508427634374117,-0.46618317148792077,-0.5563385795422586,-0.5490821079184883,3.407634668339855,0.0,1.0,0.0,0.0,1.0,0.0,0.0,1.0,0.0,0.0,0.0,0.0,1.0,0.0,0.0,0.0,0.0,0.0,0.0,1.0,0.0,0.0,0.0,0.0,0.0,0.0,0.0,1.0,1.0,0.0,0.0,1.0,0.0
-0.8618900233331774,-0.7126495588211863,-0.46508427634374117,0.7277823612437324,0.07341192703021858,-0.5490821079184883,-0.7225814003361323,1.0,0.0,0.0,0.0,1.0,0.0,0.0,0.0,1.0,0.0,0.0,0.0,0.0,0.0,0.0,0.0,0.0,0.0,1.0,0.0,0.0,0.0,0.0,1.0,0.0,0.0,1.0,0.0,0.0,0.0,1.0,0.0,0.0
0.1244161820313735,0.11180058672562043,0.4783345406270387,0.7277823612437324,0.7031624336026958,0.3517161889431792,-0.4465848164677226,1.0,0.0,0.0,0.0,1.0,0.0,0.0,0.0,1.0,0.0,0.0,0.0,0.0,0.0,0.0,0.0,0.0,0.0,1.0,1.0,0.0,0.0,0.0,0.0,1.0,0.0,0.0,0.0,0.0,1.0,0.0,0.0,0.0
-0.634280899018281,-0.7573698812130655,-0.46508427634374117,-0.46618317148792077,-0.5563385795422586,-0.5490821079184883,-0.4680346614029681,0.0,1.0,0.0,0.0,1.0,0.0,0.0,1.0,0.0,0.0,0.0,0.0,0.0,0.0,0.0,0.0,0.0,0.0,1.0,1.0,0.0,0.0,0.0,0.0,0.0,0.0,1.0,0.0,0.0,0.0,1.0,1.0,0.0
-0.25493235849345375,1.5873126702865439,-0.46508427634374117,-0.46618317148792077,-0.5563385795422586,3.9549093763898493,2.7872011207259737,0.0,1.0,0.0,0.0,1.0,0.0,0.0,1.0,0.0,0.0,0.0,0.0,0.0,0.0,0.0,0.0,0.0,0.0,1.0,1.0,0.0,0.0,0.0,0.0,0.0,0.0,0.0,1.0,0.0,0.0,1.0,1.0,0.0
0.8072435549760626,2.0341987979955096,-0.46508427634374117,-0.46618317148792077,-0.5563385795422586,2.153312782666514,3.407634668339855,0.0,1.0,1.0,0.0,0.0,0.0,0.0,1.0,0.0,0.0,0.0,0.0,0.0,0.0,0.0,0.0,0.0,0.0,1.0,1.0,0.0,0.0,0.0,0.0,0.0,0.0,0.0,1.0,1.0,0.0,0.0,1.0,0.0
-0.25493235849345375,-0.790704010470588,-0.46508427634374117,-0.46618317148792077,-0.5563385795422586,-0.5490821079184883,-0.5143140395029151,0.0,1.0,0.0,1.0,0.0,0.0,0.0,1.0,0.0,0.0,0.0,0.0,0.0,0.0,0.0,0.0,0.0,0.0,1.0,1.0,0.0,0.0,0.0,0.0,0.0,1.0,0.0,0.0,0.0,0.0,1.0,1.0,0.0
0.1244161820313735,-0.29066767959160766,0.4783345406270387,-0.46618317148792077,0.07341192703021858,-0.5490821079184883,-0.42965251070892446,1.0,0.0,0.0,0.0,1.0,0.0,0.0,0.0,1.0,0.0,0.0,0.0,0.0,0.0,0.0,0.0,0.0,0.0,1.0,1.0,0.0,0.0,0.0,0.0,1.0,0.0,0.0,0.0,0.0,0.0,1.0,0.0,0.0
2.02115888465551,0.5630528853237247,-0.46508427634374117,-0.46618317148792077,-0.5563385795422586,-0.5490821079184883,1.3651718997236777,0.0,1.0,1.0,0.0,0.0,0.0,0.0,0.0,0.0,1.0,1.0,0.0,0.0,0.0,0.0,0.0,0.0,0.0,0.0,0.0,0.0,1.0,0.0,0.0,0.0,0.0,0.0,1.0,1.0,0.0,0.0,1.0,0.0
-0.634280899018281,-0.6894771434877701,0.4783345406270387,-0.46618317148792077,0.07341192703021858,-0.5490821079184883,-0.706495709865274,1.0,0.0,0.0,0.0,1.0,0.0,1.0,0.0,0.0,0.0,0.0,0.0,0.0,0.0,0.0,0.0,0.0,0.0,1.0,1.0,0.0,0.0,0.0,0.0,0.0,0.0,1.0,0.0,0.0,0.0,1.0,0.0,0.0
-0.25493235849345375,2.0341987979955096,7.082266259422497,1.9217478939753856,5.741166486182514,3.0541110795281816,-0.6349564101742471,0.0,1.0,0.0,0.0,1.0,0.0,0.0,1.0,0.0,0.0,0.0,0.0,0.0,0.0,0.0,0.0,0.0,0.0,1.0,1.0,0.0,0.0,0.0,0.0,0.0,0.0,0.0,1.0,0.0,0.0,1.0,0.0,0.0
2.02115888465551,0.1264357964098833,-0.46508427634374117,-0.46618317148792077,-0.5563385795422586,-0.5490821079184883,0.7589953535587047,0.0,1.0,0.0,0.0,1.0,0.0,0.0,1.0,0.0,0.0,0.0,0.0,0.0,0.0,0.0,0.0,0.0,0.0,1.0,0.0,0.0,1.0,0.0,0.0,1.0,0.0,0.0,0.0,1.0,0.0,0.0,1.0,0.0
-0.634280899018281,-0.7882648088565443,-0.46508427634374117,-0.46618317148792077,-0.5563385795422586,-0.5490821079184883,-0.5109275783511555,0.0,1.0,0.0,0.0,1.0,0.0,0.0,1.0,0.0,0.0,0.0,0.0,0.0,0.0,0.0,0.0,0.0,0.0,1.0,1.0,0.0,0.0,0.0,0.0,0.0,1.0,0.0,0.0,0.0,0.0,1.0,1.0,0.0
0.2761555982413044,2.0341987979955096,0.4783345406270387,-0.46618317148792077,0.07341192703021858,-0.5490821079184883,1.1842095751570987,1.0,0.0,0.0,1.0,0.0,0.0,1.0,0.0,0.0,0.0,0.0,0.0,1.0,0.0,0.0,0.0,0.0,0.0,0.0,1.0,0.0,0.0,0.0,0.0,0.0,0.0,0.0,1.0,1.0,0.0,0.0,0.0,0.0
-0.634280899018281,-0.7915187038096787,-0.46508427634374117,-0.46618317148792077,-0.5563385795422586,-0.5490821079184883,-0.5154451175276028,0.0,1.0,0.0,1.0,0.0,0.0,0.0,1.0,0.0,0.0,0.0,0.0,0.0,0.0,0.0,0.0,0.0,0.0,1.0,1.0,0.0,0.0,0.0,0.0,0.0,1.0,0.0,0.0,0.0,0.0,1.0,1.0,0.0
-0.25493235849345375,-0.8150960266110261,-0.46508427634374117,-0.46618317148792077,-0.5563385795422586,-0.5490821079184883,-0.5481786510205114,0.0,1.0,0.0,0.0,1.0,0.0,0.0,1.0,0.0,0.0,0.0,0.0,0.0,0.0,0.0,0.0,0.0,0.0,1.0,1.0,0.0,0.0,0.0,0.0,0.0,1.0,0.0,0.0,0.0,0.0,1.0,1.0,0.0
1.034852679290959,-0.8541232524357271,-0.46508427634374117,-0.46618317148792077,-0.5563385795422586,-0.5490821079184883,-0.6023620294486653,0.0,1.0,0.0,0.0,1.0,0.0,0.0,1.0,0.0,0.0,0.0,0.0,0.0,0.0,0.0,0.0,0.0,0.0,1.0,0.0,0.0,1.0,0.0,0.0,0.0,1.0,0.0,0.0,0.0,0.0,1.0,1.0,0.0
-0.5963460449657983,0.07358805424001012,2.3651721745685985,0.7277823612437324,1.9626634467476503,1.2525144858048467,-0.6942475571715898,1.0,0.0,0.0,0.0,1.0,0.0,1.0,0.0,0.0,0.0,0.0,0.0,0.0,0.0,0.0,0.0,0.0,0.0,1.0,1.0,0.0,0.0,0.0,0.0,1.0,0.0,0.0,0.0,0.0,0.0,1.0,0.0,0.0
0.048546473926408054,-0.3833573409252723,0.4783345406270387,-0.46618317148792077,0.07341192703021858,0.3517161889431792,-0.4939952725923573,0.0,1.0,0.0,0.0,1.0,0.0,0.0,1.0,0.0,0.0,0.0,0.0,0.0,0.0,0.0,0.0,0.0,0.0,1.0,1.0,0.0,0.0,0.0,0.0,1.0,0.0,0.0,0.0,0.0,0.0,1.0,0.0,0.0
0.20028589013633896,2.0341987979955096,-0.46508427634374117,-0.46618317148792077,-0.5563385795422586,-0.5490821079184883,3.407634668339855,1.0,0.0,1.0,0.0,0.0,0.0,1.0,0.0,0.0,0.0,0.0,0.0,0.0,1.0,0.0,0.0,0.0,0.0,0.0,1.0,0.0,0.0,0.0,0.0,0.0,0.0,0.0,1.0,1.0,0.0,0.0,1.0,0.0
0.42789501445123534,2.0341987979955096,-0.46508427634374117,-0.46618317148792077,-0.5563385795422586,-0.5490821079184883,3.407634668339855,1.0,0.0,1.0,0.0,0.0,0.0,0.0,0.0,1.0,0.0,0.0,0.0,0.0,0.0,0.0,0.0,0.0,0.0,1.0,1.0,0.0,0.0,0.0,0.0,0.0,0.0,0.0,1.0,1.0,0.0,0.0,1.0,0.0
-0.7860203152282119,-0.6565479216981787,-0.46508427634374117,-0.46618317148792077,-0.5563385795422586,-0.5490821079184883,-0.32805867615613565,0.0,1.0,0.0,0.0,1.0,0.0,0.0,1.0,0.0,0.0,0.0,0.0,0.0,0.0,0.0,0.0,0.0,0.0,1.0,0.0,0.0,0.0,0.0,1.0,0.0,0.0,1.0,0.0,0.0,1.0,0.0,1.0,0.0
-0.40667177470338467,-0.7835912985640363,-0.46508427634374117,-0.46618317148792077,-0.5563385795422586,-0.5490821079184883,-0.5044391187843841,0.0,1.0,0.0,0.0,1.0,0.0,0.0,1.0,0.0,0.0,0.0,0.0,0.0,0.0,0.0,0.0,0.0,0.0,1.0,1.0,0.0,0.0,0.0,0.0,0.0,1.0,0.0,0.0,0.0,0.0,1.0,1.0,0.0
1.18659209550089,-0.5101958248555503,-0.46508427634374117,-0.46618317148792077,-0.5563385795422586,-0.5490821079184883,-0.12487100705055801,1.0,0.0,0.0,0.0,1.0,0.0,0.0,0.0,1.0,0.0,0.0,0.0,0.0,0.0,0.0,0.0,0.0,0.0,1.0,0.0,0.0,1.0,0.0,0.0,0.0,0.0,1.0,0.0,0.0,1.0,0.0,1.0,0.0
-0.48254148280835013,-0.7835912985640363,-0.46508427634374117,-0.46618317148792077,-0.5563385795422586,-0.5490821079184883,-0.5044391187843841,0.0,1.0,0.0,0.0,1.0,0.0,0.0,1.0,0.0,0.0,0.0,0.0,0.0,0.0,0.0,0.0,0.0,0.0,1.0,1.0,0.0,0.0,0.0,0.0,0.0,1.0,0.0,0.0,0.0,0.0,1.0,1.0,0.0
0.9589829711859935,-0.758789496552439,-0.46508427634374117,0.7277823612437324,0.07341192703021858,-0.5490821079184883,-0.7546105499094747,0.0,1.0,0.0,0.0,1.0,0.0,0.0,1.0,0.0,0.0,0.0,0.0,0.0,0.0,0.0,0.0,0.0,0.0,1.0,0.0,0.0,1.0,0.0,0.0,0.0,0.0,1.0,0.0,0.0,0.0,1.0,0.0,0.0
0.7313738468710972,2.0341987979955096,0.4783345406270387,0.7277823612437324,0.7031624336026958,-0.5490821079184883,0.4430678774295135,1.0,0.0,1.0,0.0,0.0,0.0,1.0,0.0,0.0,0.0,0.0,0.0,0.0,0.0,1.0,0.0,0.0,0.0,0.0,1.0,0.0,0.0,0.0,0.0,0.0,0.0,0.0,1.0,1.0,0.0,0.0,0.0,0.0
-1.0136294395431082,-0.7760688007863252,-0.46508427634374117,-0.46618317148792077,-0.5563385795422586,-0.5490821079184883,-0.4939952725923573,0.0,1.0,0.0,0.0,1.0,0.0,0.0,1.0,0.0,0.0,0.0,0.0,0.0,0.0,0.0,0.0,0.0,0.0,1.0,0.0,0.0,0.0,0.0,1.0,0.0,0.0,1.0,0.0,0.0,0.0,1.0,1.0,0.0
-0.25493235849345375,-0.7835912985640363,-0.46508427634374117,-0.46618317148792077,-0.5563385795422586,-0.5490821079184883,-0.5044391187843841,0.0,1.0,0.0,0.0,1.0,0.0,0.0,1.0,0.0,0.0,0.0,0.0,0.0,0.0,0.0,0.0,0.0,0.0,1.0,1.0,0.0,0.0,0.0,0.0,0.0,1.0,0.0,0.0,0.0,0.0,1.0,1.0,0.0
2.7798559657051642,-0.6565479216981787,-0.46508427634374117,-0.46618317148792077,-0.5563385795422586,-0.5490821079184883,-0.32805867615613565,0.0,1.0,0.0,0.0,1.0,0.0,0.0,1.0,0.0,0.0,0.0,0.0,0.0,0.0,0.0,0.0,0.0,0.0,1.0,0.0,0.0,0.0,1.0,0.0,0.0,0.0,1.0,0.0,0.0,1.0,0.0,1.0,0.0
-0.10319294228352285,0.1264357964098833,-0.46508427634374117,-0.46618317148792077,-0.5563385795422586,-0.5490821079184883,0.7589953535587047,0.0,1.0,0.0,0.0,1.0,0.0,0.0,1.0,0.0,0.0,0.0,0.0,1.0,0.0,0.0,0.0,0.0,0.0,0.0,1.0,0.0,0.0,0.0,0.0,1.0,0.0,0.0,0.0,1.0,0.0,0.0,1.0,0.0
1.6418103441306826,-0.5577602563294045,-0.46508427634374117,-0.46618317148792077,-0.5563385795422586,-0.5490821079184883,-0.19090699950987072,0.0,1.0,0.0,0.0,1.0,0.0,0.0,0.0,0.0,1.0,0.0,0.0,0.0,0.0,0.0,0.0,0.0,0.0,1.0,0.0,0.0,1.0,0.0,0.0,0.0,0.0,1.0,0.0,0.0,1.0,0.0,1.0,0.0
1.3383315117108208,-0.4370197764342361,-0.46508427634374117,-0.46618317148792077,-0.5563385795422586,-0.5490821079184883,-0.023277172497769203,0.0,1.0,0.0,0.0,1.0,0.0,0.0,1.0,0.0,0.0,0.0,0.0,0.0,0.0,0.0,0.0,0.0,0.0,1.0,0.0,0.0,1.0,0.0,0.0,1.0,0.0,0.0,0.0,0.0,1.0,0.0,1.0,0.0
-0.8618900233331774,-0.7760688007863252,-0.46508427634374117,-0.46618317148792077,-0.5563385795422586,-0.5490821079184883,-0.4939952725923573,0.0,1.0,0.0,0.0,1.0,0.0,0.0,1.0,0.0,0.0,0.0,0.0,0.0,0.0,0.0,0.0,0.0,0.0,1.0,0.0,0.0,0.0,0.0,1.0,0.0,0.0,1.0,0.0,0.0,0.0,1.0,1.0,0.0
0.5037647225562008,-0.5345878409959883,-0.46508427634374117,-0.46618317148792077,-0.5563385795422586,-0.5490821079184883,-0.1587356185681543,0.0,1.0,0.0,0.0,1.0,0.0,0.0,1.0,0.0,0.0,0.0,0.0,0.0,0.0,0.0,0.0,0.0,0.0,1.0,1.0,0.0,0.0,0.0,0.0,0.0,0.0,1.0,0.0,0.0,1.0,0.0,1.0,0.0
0.048546473926408054,-0.5345878409959883,-0.46508427634374117,-0.46618317148792077,-0.5563385795422586,-0.5490821079184883,-0.1587356185681543,1.0,0.0,0.0,0.0,1.0,0.0,1.0,0.0,0.0,0.0,0.0,0.0,0.0,0.0,0.0,0.0,0.0,0.0,1.0,1.0,0.0,0.0,0.0,0.0,0.0,0.0,1.0,0.0,0.0,1.0,0.0,1.0,0.0
-0.5584111909133156,0.2459566754980298,0.4783345406270387,0.7277823612437324,0.7031624336026958,0.3517161889431792,-0.38449969535212947,1.0,0.0,0.0,0.0,1.0,0.0,0.0,0.0,1.0,0.0,0.0,0.0,0.0,0.0,0.0,0.0,0.0,0.0,1.0,1.0,0.0,0.0,0.0,0.0,1.0,0.0,0.0,0.0,0.0,1.0,0.0,0.0,0.0
-0.5963460449657983,-0.790704010470588,-0.46508427634374117,-0.46618317148792077,-0.5563385795422586,-0.5490821079184883,-0.5143140395029151,1.0,0.0,0.0,1.0,0.0,0.0,1.0,0.0,0.0,0.0,0.0,0.0,0.0,0.0,0.0,0.0,0.0,0.0,1.0,1.0,0.0,0.0,0.0,0.0,0.0,1.0,0.0,0.0,0.0,0.0,1.0,1.0,0.0
-0.3308020665984192,-0.5345878409959883,-0.46508427634374117,-0.46618317148792077,-0.5563385795422586,-0.5490821079184883,-0.1587356185681543,0.0,1.0,0.0,0.0,1.0,0.0,0.0,1.0,0.0,0.0,0.0,0.0,0.0,0.0,0.0,0.0,0.0,0.0,1.0,1.0,0.0,0.0,0.0,0.0,0.0,0.0,1.0,0.0,0.0,1.0,0.0,1.0,0.0
-0.25493235849345375,-0.8161107344824684,-0.46508427634374117,-0.46618317148792077,-0.5563385795422586,-0.5490821079184883,-0.5495874188596434,0.0,1.0,1.0,0.0,0.0,0.0,0.0,1.0,0.0,0.0,0.0,0.0,0.0,0.0,0.0,0.0,0.0,0.0,1.0,1.0,0.0,0.0,0.0,0.0,0.0,1.0,0.0,0.0,0.0,0.0,1.0,1.0,0.0
0.20028589013633896,-0.5345878409959883,-0.46508427634374117,-0.46618317148792077,-0.5563385795422586,-0.5490821079184883,-0.1587356185681543,1.0,0.0,0.0,0.0,1.0,0.0,0.0,0.0,1.0,0.0,0.0,0.0,0.0,0.0,0.0,0.0,0.0,0.0,1.0,1.0,0.0,0.0,0.0,0.0,0.0,0.0,1.0,0.0,0.0,1.0,0.0,1.0,0.0
-0.25493235849345375,-0.7894844096635663,-0.46508427634374117,-0.46618317148792077,-0.5563385795422586,-0.5490821079184883,-0.5126208089270353,0.0,1.0,0.0,0.0,1.0,0.0,0.0,1.0,0.0,0.0,0.0,0.0,0.0,0.0,0.0,0.0,0.0,0.0,1.0,1.0,0.0,0.0,0.0,0.0,0.0,1.0,0.0,0.0,0.0,0.0,1.0,1.0,0.0
-0.7860203152282119,-0.7856207143069208,0.4783345406270387,-0.46618317148792077,0.07341192703021858,-0.5490821079184883,-0.7732360862441527,1.0,0.0,0.0,0.0,1.0,0.0,1.0,0.0,0.0,0.0,0.0,0.0,0.0,0.0,0.0,0.0,0.0,0.0,1.0,0.0,0.0,0.0,0.0,1.0,0.0,1.0,0.0,0.0,0.0,0.0,1.0,0.0,0.0
1.7176800522356481,0.319132723919344,-0.46508427634374117,-0.46618317148792077,-0.5563385795422586,-0.5490821079184883,1.0265257845477151,0.0,1.0,0.0,0.0,1.0,0.0,0.0,0.0,0.0,1.0,0.0,0.0,1.0,0.0,0.0,0.0,0.0,0.0,0.0,0.0,0.0,1.0,0.0,0.0,1.0,0.0,0.0,0.0,1.0,0.0,0.0,1.0,0.0
3.026371214189201,0.5217913508205598,-0.46508427634374117,-0.46618317148792077,-0.5563385795422586,-0.5490821079184883,1.307886522880512,0.0,1.0,1.0,0.0,0.0,0.0,0.0,1.0,0.0,0.0,1.0,0.0,0.0,0.0,0.0,0.0,0.0,0.0,0.0,0.0,0.0,0.0,1.0,0.0,0.0,0.0,0.0,1.0,1.0,0.0,0.0,1.0,0.0
0.20028589013633896,-0.7821668048214347,-0.46508427634374117,-0.46618317148792077,-0.5563385795422586,-0.5490821079184883,-0.5024614254717564,0.0,1.0,0.0,0.0,1.0,0.0,0.0,1.0,0.0,0.0,0.0,0.0,0.0,0.0,0.0,0.0,0.0,0.0,1.0,1.0,0.0,0.0,0.0,0.0,0.0,0.0,1.0,0.0,0.0,0.0,1.0,1.0,0.0
-0.7860203152282119,-0.7955824136986758,-0.46508427634374117,-0.46618317148792077,-0.5563385795422586,-0.5490821079184883,-0.5210869618064343,0.0,1.0,0.0,0.0,1.0,0.0,0.0,1.0,0.0,0.0,0.0,0.0,0.0,0.0,0.0,1.0,0.0,0.0,0.0,0.0,0.0,0.0,0.0,1.0,0.0,1.0,0.0,0.0,0.0,0.0,1.0,1.0,0.0
-0.25493235849345375,-0.41262776029379805,0.4783345406270387,-0.46618317148792077,0.07341192703021858,-0.5490821079184883,-0.5143140395029151,0.0,1.0,0.0,1.0,0.0,0.0,0.0,1.0,0.0,0.0,0.0,0.0,0.0,0.0,0.0,0.0,0.0,0.0,1.0,1.0,0.0,0.0,0.0,0.0,1.0,0.0,0.0,0.0,0.0,0.0,1.0,0.0,0.0
-0.5584111909133156,-0.6888673430842591,-0.46508427634374117,-0.46618317148792077,-0.5563385795422586,-0.5490821079184883,-0.37292928641695067,1.0,0.0,0.0,0.0,1.0,0.0,1.0,0.0,0.0,0.0,0.0,0.0,0.0,0.0,0.0,0.0,0.0,0.0,1.0,1.0,0.0,0.0,0.0,0.0,0.0,0.0,1.0,0.0,0.0,0.0,1.0,1.0,0.0
1.565940636025717,1.5582471438535979,0.4783345406270387,-0.46618317148792077,0.07341192703021858,0.3517161889431792,0.8538162658079741,0.0,1.0,0.0,0.0,1.0,0.0,0.0,1.0,0.0,0.0,0.0,0.0,0.0,0.0,1.0,0.0,0.0,0.0,0.0,0.0,0.0,1.0,0.0,0.0,0.0,0.0,0.0,1.0,1.0,0.0,0.0,0.0,0.0
-1.9240659368026938,0.19229423998906597,2.3651721745685985,1.9217478939753856,2.592413953320128,3.0541110795281816,-0.7242746309120119,0.0,1.0,0.0,0.0,1.0,1.0,0.0,0.0,0.0,0.0,0.0,0.0,0.0,0.0,0.0,0.0,0.0,0.0,1.0,0.0,1.0,0.0,0.0,0.0,1.0,0.0,0.0,0.0,0.0,0.0,1.0,0.0,1.0
0.5037647225562008,2.0341987979955096,0.4783345406270387,1.9217478939753856,1.3329129401751731,0.3517161889431792,0.07249702856572071,1.0,0.0,0.0,0.0,1.0,0.0,0.0,0.0,1.0,0.0,0.0,1.0,0.0,0.0,0.0,0.0,0.0,0.0,0.0,1.0,0.0,0.0,0.0,0.0,0.0,0.0,0.0,1.0,1.0,0.0,0.0,0.0,0.0
-0.7860203152282119,1.4216518534671447,0.4783345406270387,-0.46618317148792077,0.07341192703021858,-0.5490821079184883,0.7589953535587047,0.0,1.0,0.0,0.0,1.0,0.0,0.0,1.0,0.0,0.0,0.0,0.0,0.0,1.0,0.0,0.0,0.0,0.0,0.0,0.0,0.0,0.0,0.0,1.0,0.0,0.0,0.0,1.0,1.0,0.0,0.0,0.0,0.0
0.048546473926408054,0.34352474005978206,-0.46508427634374117,-0.46618317148792077,-0.5563385795422586,0.3517161889431792,1.0603903960653114,1.0,0.0,1.0,0.0,0.0,0.0,1.0,0.0,0.0,0.0,0.0,0.0,0.0,0.0,0.0,0.0,0.0,0.0,1.0,1.0,0.0,0.0,0.0,0.0,1.0,0.0,0.0,0.0,1.0,0.0,0.0,1.0,0.0
-0.25493235849345375,1.5873126702865439,-0.46508427634374117,-0.46618317148792077,-0.5563385795422586,3.9549093763898493,2.7872011207259737,0.0,1.0,0.0,0.0,1.0,0.0,0.0,1.0,0.0,0.0,0.0,0.0,0.0,0.0,0.0,0.0,0.0,0.0,1.0,1.0,0.0,0.0,0.0,0.0,0.0,0.0,0.0,1.0,0.0,0.0,1.0,1.0,0.0
0.048546473926408054,-0.8150960266110261,-0.46508427634374117,-0.46618317148792077,-0.5563385795422586,-0.5490821079184883,-0.5481786510205114,0.0,1.0,0.0,0.0,1.0,0.0,0.0,1.0,0.0,0.0,0.0,0.0,0.0,0.0,0.0,0.0,0.0,0.0,1.0,1.0,0.0,0.0,0.0,0.0,0.0,1.0,0.0,0.0,0.0,0.0,1.0,1.0,0.0
-0.634280899018281,-0.7760688007863252,-0.46508427634374117,-0.46618317148792077,-0.5563385795422586,-0.5490821079184883,-0.4939952725923573,0.0,1.0,0.0,0.0,1.0,0.0,0.0,1.0,0.0,0.0,0.0,0.0,0.0,0.0,0.0,0.0,0.0,0.0,1.0,1.0,0.0,0.0,0.0,0.0,0.0,0.0,1.0,0.0,0.0,0.0,1.0,1.0,0.0
0.048546473926408054,0.0020365140936491224,0.4783345406270387,-0.46618317148792077,0.07341192703021858,0.3517161889431792,-0.22646484160334682,0.0,1.0,1.0,0.0,0.0,0.0,0.0,1.0,0.0,0.0,0.0,0.0,0.0,0.0,0.0,0.0,0.0,0.0,1.0,1.0,0.0,0.0,0.0,0.0,1.0,0.0,0.0,0.0,0.0,1.0,0.0,0.0,0.0
-0.8618900233331774,-0.04674751818722701,-0.46508427634374117,0.7277823612437324,0.07341192703021858,0.3517161889431792,-0.2603294531209431,1.0,0.0,0.0,0.0,1.0,0.0,1.0,0.0,0.0,0.0,0.0,0.0,0.0,0.0,0.0,0.0,0.0,0.0,1.0,0.0,0.0,0.0,0.0,1.0,1.0,0.0,0.0,0.0,0.0,1.0,0.0,0.0,0.0
-0.7860203152282119,-1.168780260647378,-0.46508427634374117,-0.46618317148792077,-0.5563385795422586,1.2525144858048467,-1.0392155180256573,0.0,1.0,0.0,0.0,1.0,0.0,0.0,1.0,0.0,0.0,0.0,0.0,0.0,0.0,0.0,0.0,0.0,0.0,1.0,0.0,0.0,0.0,0.0,1.0,0.0,1.0,0.0,0.0,0.0,0.0,1.0,1.0,0.0
0.6555041387661317,2.0341987979955096,-0.46508427634374117,-0.46618317148792077,-0.5563385795422586,2.153312782666514,3.407634668339855,1.0,0.0,1.0,0.0,0.0,0.0,1.0,0.0,0.0,0.0,0.0,0.0,1.0,0.0,0.0,0.0,0.0,0.0,0.0,1.0,0.0,0.0,0.0,0.0,0.0,0.0,0.0,1.0,1.0,0.0,0.0,1.0,0.0
-1.4688476881729011,0.19229423998906597,2.3651721745685985,1.9217478939753856,2.592413953320128,3.0541110795281816,-0.7242746309120119,0.0,1.0,0.0,0.0,1.0,1.0,0.0,0.0,0.0,0.0,0.0,0.0,0.0,0.0,0.0,0.0,0.0,0.0,1.0,0.0,1.0,0.0,0.0,0.0,1.0,0.0,0.0,0.0,0.0,0.0,1.0,0.0,1.0
0.048546473926408054,-1.168780260647378,-0.46508427634374117,-0.46618317148792077,-0.5563385795422586,-0.5490821079184883,-1.0392155180256573,0.0,1.0,0.0,0.0,1.0,0.0,0.0,1.0,0.0,0.0,0.0,0.0,0.0,0.0,0.0,0.0,0.0,0.0,1.0,1.0,0.0,0.0,0.0,0.0,0.0,1.0,0.0,0.0,0.0,1.0,0.0,1.0,0.0
-0.0273232341785574,-0.6583773229087115,0.4783345406270387,0.7277823612437324,0.7031624336026958,0.3517161889431792,-0.8030098526904232,1.0,0.0,0.0,0.0,1.0,0.0,0.0,0.0,1.0,0.0,0.0,0.0,0.0,0.0,0.0,0.0,1.0,0.0,0.0,1.0,0.0,0.0,0.0,0.0,0.0,0.0,1.0,0.0,0.0,0.0,1.0,0.0,0.0
-0.25493235849345375,-0.8120470245934713,-0.46508427634374117,-0.46618317148792077,-0.5563385795422586,-0.5490821079184883,-0.5439455745808118,0.0,1.0,0.0,0.0,1.0,0.0,0.0,1.0,0.0,0.0,0.0,0.0,0.0,0.0,0.0,0.0,0.0,0.0,1.0,1.0,0.0,0.0,0.0,0.0,0.0,1.0,0.0,0.0,0.0,0.0,1.0,1.0,0.0
-0.10319294228352285,-0.3955533489954914,0.4783345406270387,-0.46618317148792077,0.07341192703021858,-0.5490821079184883,-0.5024614254717564,0.0,1.0,0.0,0.0,1.0,0.0,0.0,1.0,0.0,0.0,0.0,0.0,0.0,0.0,0.0,0.0,0.0,0.0,1.0,1.0,0.0,0.0,0.0,0.0,1.0,0.0,0.0,0.0,0.0,0.0,1.0,0.0,0.0
0.7313738468710972,0.3569403489370229,0.4783345406270387,5.503644492170345,3.222164459892605,3.9549093763898493,-0.7366110251077077,1.0,0.0,0.0,0.0,1.0,0.0,0.0,0.0,1.0,0.0,0.0,0.0,0.0,0.0,0.0,0.0,0.0,0.0,1.0,1.0,0.0,0.0,0.0,0.0,0.0,0.0,0.0,1.0,0.0,0.0,1.0,0.0,0.0
-2.075805353012625,-0.6583773229087115,-0.46508427634374117,0.7277823612437324,0.07341192703021858,0.3517161889431792,-0.6849070200228062,1.0,0.0,0.0,0.0,1.0,0.0,1.0,0.0,0.0,0.0,0.0,0.0,0.0,0.0,0.0,0.0,1.0,0.0,0.0,0.0,1.0,0.0,0.0,0.0,0.0,0.0,1.0,0.0,0.0,0.0,1.0,0.0,1.0
0.048546473926408054,-0.6565479216981787,-0.46508427634374117,-0.46618317148792077,-0.5563385795422586,-0.5490821079184883,-0.32805867615613565,0.0,1.0,0.0,0.0,1.0,0.0,0.0,1.0,0.0,0.0,0.0,0.0,0.0,0.0,0.0,0.0,0.0,0.0,1.0,1.0,0.0,0.0,0.0,0.0,0.0,0.0,1.0,0.0,0.0,1.0,0.0,1.0,0.0
-0.3308020665984192,-0.816315627418048,-0.46508427634374117,-0.46618317148792077,-0.5563385795422586,-0.5490821079184883,-0.5498718815963912,0.0,1.0,1.0,0.0,0.0,0.0,0.0,1.0,0.0,0.0,0.0,0.0,0.0,0.0,0.0,0.0,0.0,0.0,1.0,1.0,0.0,0.0,0.0,0.0,0.0,1.0,0.0,0.0,0.0,0.0,1.0,1.0,0.0
-1.1653688557530393,0.7673360204998935,3.3085909915393783,0.7277823612437324,2.592413953320128,3.0541110795281816,-0.5912149281574566,0.0,1.0,0.0,0.0,1.0,0.0,0.0,1.0,0.0,0.0,0.0,0.0,0.0,0.0,0.0,0.0,0.0,0.0,1.0,0.0,0.0,0.0,0.0,1.0,0.0,0.0,0.0,1.0,0.0,0.0,1.0,0.0,0.0
0.42789501445123534,1.3679894179581809,0.4783345406270387,-0.46618317148792077,0.07341192703021858,0.3517161889431792,0.7217442808893487,1.0,0.0,0.0,0.0,1.0,0.0,0.0,0.0,1.0,0.0,0.0,0.0,0.0,0.0,0.0,0.0,0.0,0.0,1.0,1.0,0.0,0.0,0.0,0.0,0.0,0.0,0.0,1.0,1.0,0.0,0.0,0.0,0.0
-0.9377597314381428,2.0341987979955096,-0.46508427634374117,1.9217478939753856,0.7031624336026958,1.2525144858048467,0.4430678774295135,0.0,1.0,1.0,0.0,0.0,0.0,0.0,1.0,0.0,0.0,0.0,0.0,1.0,0.0,0.0,0.0,0.0,0.0,0.0,0.0,0.0,0.0,0.0,1.0,0.0,0.0,0.0,1.0,1.0,0.0,0.0,0.0,0.0
-0.25493235849345375,-0.7919236112776099,-0.46508427634374117,-0.46618317148792077,-0.5563385795422586,-0.5490821079184883,-0.516007270078795,0.0,1.0,0.0,1.0,0.0,0.0,0.0,1.0,0.0,0.0,0.0,0.0,0.0,0.0,0.0,0.0,0.0,0.0,1.0,1.0,0.0,0.0,0.0,0.0,0.0,1.0,0.0,0.0,0.0,0.0,1.0,1.0,0.0
-0.8618900233331774,-0.8394880427514643,-0.46508427634374117,-0.46618317148792077,-0.5563385795422586,-0.5490821079184883,-0.5820432625381077,1.0,0.0,0.0,1.0,0.0,0.0,1.0,0.0,0.0,0.0,0.0,0.0,0.0,0.0,0.0,0.0,0.0,0.0,1.0,0.0,0.0,0.0,0.0,1.0,0.0,1.0,0.0,0.0,0.0,0.0,1.0,1.0,0.0
-0.48254148280835013,-0.8004608169267633,-0.46508427634374117,-0.46618317148792077,-0.5563385795422586,-0.5490821079184883,-0.5278598841099537,1.0,0.0,0.0,0.0,1.0,0.0,1.0,0.0,0.0,0.0,0.0,0.0,0.0,0.0,0.0,0.0,0.0,0.0,1.0,1.0,0.0,0.0,0.0,0.0,0.0,1.0,0.0,0.0,0.0,0.0,1.0,1.0,0.0
1.565940636025717,-0.7760688007863252,-0.46508427634374117,-0.46618317148792077,-0.5563385795422586,-0.5490821079184883,-0.4939952725923573,0.0,1.0,0.0,0.0,1.0,0.0,0.0,1.0,0.0,0.0,0.0,0.0,0.0,0.0,0.0,0.0,0.0,0.0,1.0,0.0,0.0,1.0,0.0,0.0,0.0,0.0,1.0,0.0,0.0,0.0,1.0,1.0,0.0
-0.634280899018281,2.0341987979955096,1.4217533575978185,1.9217478939753856,1.9626634467476503,0.3517161889431792,-0.14984548075255483,1.0,0.0,1.0,0.0,0.0,0.0,1.0,0.0,0.0,0.0,0.0,1.0,0.0,0.0,0.0,0.0,0.0,0.0,0.0,1.0,0.0,0.0,0.0,0.0,0.0,0.0,0.0,1.0,1.0,0.0,0.0,0.0,0.0
2.1728983008654406,2.0341987979955096,-0.46508427634374117,-0.46618317148792077,-0.5563385795422586,0.3517161889431792,3.407634668339855,1.0,0.0,1.0,0.0,0.0,0.0,1.0,0.0,0.0,0.0,0.0,1.0,0.0,0.0,0.0,0.0,0.0,0.0,0.0,0.0,0.0,1.0,0.0,0.0,0.0,0.0,0.0,1.0,1.0,0.0,0.0,1.0,0.0
-1.9999356449076593,0.8596207743656269,0.4783345406270387,1.9217478939753856,1.3329129401751731,0.3517161889431792,-0.3351837904194379,1.0,0.0,1.0,0.0,0.0,0.0,1.0,0.0,0.0,0.0,0.0,0.0,0.0,0.0,0.0,0.0,0.0,0.0,1.0,0.0,1.0,0.0,0.0,0.0,0.0,0.0,0.0,1.0,0.0,1.0,0.0,0.0,1.0
-1.2412385638580046,-0.2174916311702935,-0.46508427634374117,0.7277823612437324,0.07341192703021858,0.3517161889431792,-0.37885559343253006,1.0,0.0,0.0,0.0,1.0,0.0,1.0,0.0,0.0,0.0,0.0,0.0,0.0,0.0,0.0,0.0,0.0,0.0,1.0,0.0,0.0,0.0,0.0,1.0,1.0,0.0,0.0,0.0,0.0,1.0,0.0,0.0,0.0
2.0970285927604753,-0.5662974619785579,-0.46508427634374117,-0.46618317148792077,-0.5563385795422586,-0.5490821079184883,-0.20275961354102945,0.0,1.0,0.0,1.0,0.0,0.0,0.0,0.0,0.0,1.0,0.0,0.0,0.0,0.0,0.0,0.0,0.0,0.0,1.0,0.0,0.0,1.0,0.0,0.0,0.0,0.0,1.0,0.0,0.0,1.0,0.0,1.0,0.0
-1.0136294395431082,0.0996045786554014,-0.46508427634374117,-0.46618317148792077,-0.5563385795422586,0.3517161889431792,0.7217442808893487,0.0,1.0,0.0,0.0,1.0,0.0,0.0,1.0,0.0,0.0,0.0,0.0,0.0,0.0,0.0,0.0,0.0,0.0,1.0,0.0,0.0,0.0,0.0,1.0,1.0,0.0,0.0,0.0,0.0,1.0,0.0,1.0,0.0
-0.5963460449657983,-0.790704010470588,-0.46508427634374117,-0.46618317148792077,-0.5563385795422586,-0.5490821079184883,-0.5143140395029151,1.0,0.0,0.0,1.0,0.0,0.0,1.0,0.0,0.0,0.0,0.0,0.0,0.0,0.0,0.0,0.0,0.0,0.0,1.0,1.0,0.0,0.0,0.0,0.0,0.0,1.0,0.0,0.0,0.0,0.0,1.0,1.0,0.0
2.3246377170753716,0.7337969983067911,0.4783345406270387,0.7277823612437324,0.7031624336026958,0.3517161889431792,-0.1587356185681543,0.0,1.0,0.0,0.0,1.0,0.0,0.0,1.0,0.0,0.0,0.0,0.0,0.0,0.0,0.0,0.0,0.0,0.0,1.0,0.0,0.0,1.0,0.0,0.0,0.0,0.0,0.0,1.0,0.0,1.0,0.0,0.0,0.0
-0.5584111909133156,2.0341987979955096,-0.46508427634374117,-0.46618317148792077,-0.5563385795422586,1.2525144858048467,3.407634668339855,0.0,1.0,1.0,0.0,0.0,0.0,0.0,1.0,0.0,0.0,0.0,0.0,0.0,0.0,0.0,0.0,0.0,0.0,1.0,1.0,0.0,0.0,0.0,0.0,0.0,0.0,0.0,1.0,1.0,0.0,0.0,1.0,0.0
0.048546473926408054,-0.5345878409959883,-0.46508427634374117,-0.46618317148792077,-0.5563385795422586,-0.5490821079184883,-0.1587356185681543,0.0,1.0,0.0,0.0,1.0,0.0,0.0,1.0,0.0,0.0,0.0,0.0,0.0,0.0,0.0,0.0,0.0,0.0,1.0,1.0,0.0,0.0,0.0,0.0,0.0,0.0,1.0,0.0,0.0,1.0,0.0,1.0,0.0
-0.9377597314381428,-0.7461885810142886,-0.46508427634374117,-0.46618317148792077,-0.5563385795422586,-0.5490821079184883,-0.45251112348330197,0.0,1.0,0.0,0.0,1.0,0.0,0.0,1.0,0.0,0.0,0.0,0.0,0.0,0.0,0.0,0.0,0.0,0.0,1.0,0.0,0.0,0.0,0.0,1.0,0.0,0.0,1.0,0.0,0.0,0.0,1.0,1.0,0.0
-0.3308020665984192,-0.7835912985640363,-0.46508427634374117,-0.46618317148792077,-0.5563385795422586,-0.5490821079184883,-0.5044391187843841,0.0,1.0,0.0,0.0,1.0,0.0,0.0,1.0,0.0,0.0,0.0,0.0,0.0,0.0,0.0,0.0,0.0,0.0,1.0,1.0,0.0,0.0,0.0,0.0,0.0,1.0,0.0,0.0,0.0,0.0,1.0,1.0,0.0
-0.17906265038848831,-0.7461885810142886,-0.46508427634374117,-0.46618317148792077,-0.5563385795422586,-0.5490821079184883,-0.45251112348330197,0.0,1.0,0.0,0.0,1.0,0.0,0.0,1.0,0.0,0.0,0.0,0.0,0.0,0.0,0.0,0.0,0.0,0.0,1.0,1.0,0.0,0.0,0.0,0.0,0.0,0.0,1.0,0.0,0.0,0.0,1.0,1.0,0.0
0.5037647225562008,-1.168780260647378,-0.46508427634374117,-0.46618317148792077,-0.5563385795422586,1.2525144858048467,-1.0392155180256573,0.0,1.0,0.0,0.0,1.0,0.0,0.0,1.0,0.0,0.0,0.0,0.0,0.0,0.0,0.0,0.0,0.0,0.0,1.0,1.0,0.0,0.0,0.0,0.0,0.0,1.0,0.0,0.0,0.0,0.0,1.0,1.0,0.0
-0.5963460449657983,-0.7760688007863252,-0.46508427634374117,-0.46618317148792077,-0.5563385795422586,-0.5490821079184883,-0.4939952725923573,1.0,0.0,0.0,0.0,1.0,0.0,0.0,0.0,1.0,0.0,0.0,0.0,0.0,0.0,0.0,0.0,0.0,0.0,1.0,1.0,0.0,0.0,0.0,0.0,0.0,0.0,1.0,0.0,0.0,0.0,1.0,1.0,0.0
-0.5963460449657983,-0.8161107344824684,-0.46508427634374117,-0.46618317148792077,-0.5563385795422586,-0.5490821079184883,-0.5495874188596434,1.0,0.0,1.0,0.0,0.0,0.0,0.0,0.0,1.0,0.0,0.0,0.0,0.0,0.0,0.0,0.0,0.0,0.0,1.0,1.0,0.0,0.0,0.0,0.0,0.0,1.0,0.0,0.0,0.0,0.0,1.0,1.0,0.0
-0.0273232341785574,-0.7061466473181455,-0.46508427634374117,-0.46618317148792077,-0.5563385795422586,-0.5490821079184883,-0.3969189772160159,0.0,1.0,0.0,0.0,1.0,0.0,0.0,1.0,0.0,0.0,0.0,0.0,0.0,0.0,0.0,0.0,0.0,0.0,1.0,1.0,0.0,0.0,0.0,0.0,0.0,0.0,1.0,0.0,0.0,0.0,1.0,1.0,0.0
0.048546473926408054,2.0341987979955096,-0.46508427634374117,-0.46618317148792077,-0.5563385795422586,0.3517161889431792,3.407634668339855,1.0,0.0,1.0,0.0,0.0,0.0,1.0,0.0,0.0,0.0,0.0,0.0,0.0,0.0,0.0,0.0,0.0,0.0,1.0,1.0,0.0,0.0,0.0,0.0,0.0,0.0,0.0,1.0,1.0,0.0,0.0,1.0,0.0
-0.25493235849345375,-0.7760688007863252,-0.46508427634374117,-0.46618317148792077,-0.5563385795422586,-0.5490821079184883,-0.4939952725923573,0.0,1.0,0.0,0.0,1.0,0.0,0.0,1.0,0.0,0.0,0.0,0.0,0.0,0.0,0.0,0.0,0.0,0.0,1.0,1.0,0.0,0.0,0.0,0.0,0.0,0.0,1.0,0.0,0.0,0.0,1.0,1.0,0.0
1.6418103441306826,1.8255446135269742,-0.46508427634374117,0.7277823612437324,0.07341192703021858,-0.5490821079184883,1.0393672452351876,0.0,1.0,1.0,0.0,0.0,0.0,0.0,1.0,0.0,0.0,0.0,0.0,0.0,0.0,0.0,0.0,0.0,0.0,1.0,0.0,0.0,1.0,0.0,0.0,0.0,0.0,0.0,1.0,1.0,0.0,0.0,0.0,0.0
-1.0136294395431082,-0.7915187038096787,-0.46508427634374117,-0.46618317148792077,-0.5563385795422586,-0.5490821079184883,-0.5154451175276028,1.0,0.0,0.0,1.0,0.0,0.0,1.0,0.0,0.0,0.0,0.0,0.0,0.0,0.0,0.0,0.0,0.0,0.0,1.0,0.0,0.0,0.0,0.0,1.0,0.0,1.0,0.0,0.0,0.0,0.0,1.0,1.0,0.0
-0.5963460449657983,-0.790704010470588,-0.46508427634374117,-0.46618317148792077,-0.5563385795422586,-0.5490821079184883,-0.5143140395029151,1.0,0.0,0.0,1.0,0.0,0.0,1.0,0.0,0.0,0.0,0.0,0.0,0.0,0.0,0.0,0.0,0.0,0.0,1.0,1.0,0.0,0.0,0.0,0.0,0.0,1.0,0.0,0.0,0.0,0.0,1.0,1.0,0.0
-2.15167506111759,-0.4008366596915103,-0.46508427634374117,1.9217478939753856,0.7031624336026958,0.3517161889431792,-0.6838244812746272,1.0,0.0,1.0,0.0,0.0,0.0,1.0,0.0,0.0,0.0,0.0,0.0,0.0,0.0,0.0,0.0,0.0,0.0,1.0,0.0,1.0,0.0,0.0,0.0,1.0,0.0,0.0,0.0,0.0,0.0,1.0,0.0,1.0
-0.5584111909133156,-0.788469701792124,-0.46508427634374117,-0.46618317148792077,-0.5563385795422586,-0.5490821079184883,-0.5112120410879033,0.0,1.0,0.0,0.0,1.0,0.0,0.0,1.0,0.0,0.0,0.0,0.0,0.0,0.0,0.0,0.0,0.0,0.0,1.0,1.0,0.0,0.0,0.0,0.0,0.0,1.0,0.0,0.0,0.0,0.0,1.0,1.0,0.0
-0.5963460449657983,-0.07805223170186523,0.4783345406270387,0.7277823612437324,0.7031624336026958,0.3517161889431792,-0.5344454222297422,1.0,0.0,1.0,0.0,0.0,0.0,1.0,0.0,0.0,0.0,0.0,0.0,0.0,0.0,0.0,1.0,0.0,0.0,0.0,1.0,0.0,0.0,0.0,0.0,1.0,0.0,0.0,0.0,0.0,0.0,1.0,0.0,0.0
-1.6964568124877974,0.2520546795331393,3.3085909915393783,0.7277823612437324,2.592413953320128,2.153312782666514,-0.7104465812089935,0.0,1.0,0.0,1.0,0.0,1.0,0.0,0.0,0.0,0.0,0.0,0.0,0.0,0.0,0.0,0.0,0.0,0.0,1.0,0.0,1.0,0.0,0.0,0.0,1.0,0.0,0.0,0.0,0.0,0.0,1.0,0.0,1.0
0.8072435549760626,0.319132723919344,-0.46508427634374117,-0.46618317148792077,-0.5563385795422586,-0.5490821079184883,1.0265257845477151,0.0,1.0,0.0,0.0,1.0,0.0,0.0,1.0,0.0,0.0,0.0,0.0,1.0,0.0,0.0,0.0,0.0,0.0,0.0,1.0,0.0,0.0,0.0,0.0,1.0,0.0,0.0,0.0,1.0,0.0,0.0,1.0,0.0
-0.25493235849345375,-0.790704010470588,0.4783345406270387,-0.46618317148792077,0.07341192703021858,-0.5490821079184883,-0.7767647787642862,0.0,1.0,0.0,1.0,0.0,0.0,0.0,1.0,0.0,0.0,0.0,0.0,0.0,0.0,0.0,0.0,0.0,0.0,1.0,1.0,0.0,0.0,0.0,0.0,0.0,1.0,0.0,0.0,0.0,0.0,1.0,0.0,0.0
0.2761555982413044,1.4216518534671447,0.4783345406270387,-0.46618317148792077,0.07341192703021858,0.3517161889431792,0.7589953535587047,1.0,0.0,0.0,0.0,1.0,0.0,0.0,0.0,1.0,0.0,0.0,0.0,0.0,0.0,1.0,0.0,0.0,0.0,0.0,1.0,0.0,0.0,0.0,0.0,0.0,0.0,0.0,1.0,1.0,0.0,0.0,0.0,0.0
-1.6964568124877974,0.7673360204998935,3.3085909915393783,0.7277823612437324,2.592413953320128,3.0541110795281816,-0.5912149281574566,0.0,1.0,0.0,0.0,1.0,1.0,0.0,0.0,0.0,0.0,0.0,0.0,0.0,0.0,0.0,0.0,0.0,0.0,1.0,0.0,1.0,0.0,0.0,0.0,0.0,0.0,0.0,1.0,0.0,0.0,1.0,0.0,1.0
0.20028589013633896,-0.790704010470588,-0.46508427634374117,-0.46618317148792077,-0.5563385795422586,-0.5490821079184883,-0.5143140395029151,0.0,1.0,0.0,1.0,0.0,0.0,0.0,1.0,0.0,0.0,0.0,0.0,0.0,0.0,0.0,0.0,0.0,0.0,1.0,1.0,0.0,0.0,0.0,0.0,0.0,1.0,0.0,0.0,0.0,0.0,1.0,1.0,0.0
1.565940636025717,-0.5345878409959883,-0.46508427634374117,-0.46618317148792077,-0.5563385795422586,-0.5490821079184883,-0.1587356185681543,0.0,1.0,0.0,0.0,1.0,0.0,0.0,1.0,0.0,0.0,0.0,0.0,0.0,0.0,0.0,0.0,0.0,0.0,1.0,0.0,0.0,1.0,0.0,0.0,0.0,0.0,1.0,0.0,0.0,1.0,0.0,1.0,0.0
2.2487680089704063,-0.5101958248555503,-0.46508427634374117,-0.46618317148792077,-0.5563385795422586,-0.5490821079184883,-0.12487100705055801,0.0,1.0,0.0,0.0,1.0,0.0,0.0,1.0,0.0,0.0,0.0,0.0,0.0,0.0,0.0,0.0,0.0,0.0,1.0,0.0,0.0,1.0,0.0,0.0,0.0,0.0,1.0,0.0,0.0,1.0,0.0,1.0,0.0
-0.10319294228352285,2.0341987979955096,0.4783345406270387,-0.46618317148792077,0.07341192703021858,-0.5490821079184883,1.1842095751570987,0.0,1.0,1.0,0.0,0.0,0.0,0.0,1.0,0.0,0.0,0.0,0.0,0.0,0.0,0.0,0.0,0.0,0.0,1.0,1.0,0.0,0.0,0.0,0.0,0.0,0.0,0.0,1.0,1.0,0.0,0.0,0.0,0.0
-0.25493235849345375,-0.7760688007863252,-0.46508427634374117,-0.46618317148792077,-0.5563385795422586,-0.5490821079184883,-0.4939952725923573,0.0,1.0,0.0,0.0,1.0,0.0,0.0,1.0,0.0,0.0,0.0,0.0,0.0,0.0,0.0,0.0,0.0,0.0,1.0,1.0,0.0,0.0,0.0,0.0,0.0,0.0,1.0,0.0,0.0,0.0,1.0,1.0,0.0
2.3246377170753716,0.1264357964098833,-0.46508427634374117,-0.46618317148792077,-0.5563385795422586,-0.5490821079184883,0.7589953535587047,0.0,1.0,0.0,0.0,1.0,0.0,0.0,0.0,0.0,1.0,0.0,0.0,0.0,0.0,0.0,0.0,0.0,0.0,1.0,0.0,0.0,1.0,0.0,0.0,1.0,0.0,0.0,0.0,1.0,0.0,0.0,1.0,0.0
-0.9377597314381428,-0.46344608672078674,-0.46508427634374117,-0.46618317148792077,-0.5563385795422586,-0.5490821079184883,-0.05996609261593304,1.0,0.0,1.0,0.0,0.0,0.0,1.0,0.0,0.0,0.0,0.0,0.0,0.0,0.0,0.0,0.0,0.0,0.0,1.0,0.0,0.0,0.0,0.0,1.0,1.0,0.0,0.0,0.0,0.0,0.0,1.0,1.0,0.0
0.2382207441888217,0.2981946172643919,0.4783345406270387,-0.46618317148792077,0.07341192703021858,-0.5490821079184883,-0.02087955800232344,0.0,1.0,1.0,0.0,0.0,0.0,0.0,1.0,0.0,0.0,0.0,0.0,0.0,0.0,0.0,0.0,0.0,0.0,1.0,1.0,0.0,0.0,0.0,0.0,1.0,0.0,0.0,0.0,0.0,1.0,0.0,0.0,0.0
-0.634280899018281,2.0341987979955096,-0.46508427634374117,-0.46618317148792077,-0.5563385795422586,0.3517161889431792,3.407634668339855,1.0,0.0,0.0,0.0,1.0,0.0,1.0,0.0,0.0,0.0,0.0,0.0,0.0,1.0,0.0,0.0,0.0,0.0,0.0,1.0,0.0,0.0,0.0,0.0,0.0,0.0,0.0,1.0,1.0,0.0,0.0,1.0,0.0
-1.9999356449076593,0.36242855256862155,3.3085909915393783,1.9217478939753856,3.222164459892605,2.153312782666514,-0.7355225197374993,0.0,1.0,0.0,0.0,1.0,1.0,0.0,0.0,0.0,0.0,0.0,0.0,0.0,0.0,0.0,0.0,0.0,0.0,1.0,0.0,1.0,0.0,0.0,0.0,0.0,0.0,0.0,1.0,0.0,0.0,1.0,0.0,1.0
-0.7860203152282119,-0.6565479216981787,-0.46508427634374117,-0.46618317148792077,-0.5563385795422586,-0.5490821079184883,-0.32805867615613565,0.0,1.0,0.0,0.0,1.0,0.0,0.0,1.0,0.0,0.0,0.0,0.0,0.0,0.0,0.0,0.0,0.0,0.0,1.0,0.0,0.0,0.0,0.0,1.0,0.0,0.0,1.0,0.0,0.0,1.0,0.0,1.0,0.0
-0.40667177470338467,-0.25407965538095056,1.4217533575978185,3.1157134267070385,2.592413953320128,1.2525144858048467,-0.8275616960406806,1.0,0.0,0.0,0.0,1.0,0.0,0.0,0.0,1.0,0.0,0.0,0.0,0.0,0.0,0.0,0.0,0.0,0.0,1.0,1.0,0.0,0.0,0.0,0.0,1.0,0.0,0.0,0.0,0.0,1.0,0.0,0.0,0.0
-0.8618900233331774,2.0341987979955096,-0.46508427634374117,1.9217478939753856,0.7031624336026958,1.2525144858048467,0.4430678774295135,1.0,0.0,0.0,0.0,1.0,0.0,1.0,0.0,0.0,0.0,0.0,0.0,0.0,0.0,1.0,0.0,0.0,0.0,0.0,0.0,0.0,0.0,0.0,1.0,0.0,0.0,0.0,1.0,1.0,0.0,0.0,0.0,0.0
1.4900709279207516,0.09615066916991544,-0.46508427634374117,-0.46618317148792077,-0.5563385795422586,-0.5490821079184883,0.7169490518984573,1.0,0.0,0.0,0.0,1.0,0.0,0.0,0.0,0.0,1.0,0.0,0.0,0.0,1.0,0.0,0.0,0.0,0.0,0.0,0.0,0.0,1.0,0.0,0.0,1.0,0.0,0.0,0.0,1.0,0.0,0.0,1.0,0.0
0.883113263081028,-0.1827330081701693,-0.46508427634374117,1.9217478939753856,0.7031624336026958,0.3517161889431792,-0.5828898778260476,1.0,0.0,0.0,0.0,1.0,0.0,0.0,0.0,1.0,0.0,0.0,0.0,0.0,0.0,0.0,0.0,0.0,0.0,1.0,0.0,0.0,1.0,0.0,0.0,1.0,0.0,0.0,0.0,0.0,0.0,1.0,0.0,0.0
0.048546473926408054,-0.7053319539790548,-0.46508427634374117,-0.46618317148792077,-0.5563385795422586,-0.5490821079184883,-0.3957878991913282,0.0,1.0,0.0,0.0,1.0,0.0,0.0,1.0,0.0,0.0,0.0,0.0,0.0,0.0,0.0,0.0,0.0,0.0,1.0,1.0,0.0,0.0,0.0,0.0,0.0,0.0,1.0,0.0,0.0,0.0,1.0,1.0,0.0
2.2487680089704063,-0.8150960266110261,-0.46508427634374117,-0.46618317148792077,-0.5563385795422586,-0.5490821079184883,-0.5481786510205114,0.0,1.0,0.0,0.0,1.0,0.0,0.0,1.0,0.0,0.0,0.0,0.0,0.0,0.0,0.0,0.0,0.0,0.0,1.0,0.0,0.0,1.0,0.0,0.0,0.0,1.0,0.0,0.0,0.0,0.0,1.0,1.0,0.0
-1.9240659368026938,-0.5142595347445472,-0.46508427634374117,0.7277823612437324,0.07341192703021858,-0.5490821079184883,-0.5848641846775233,1.0,0.0,1.0,0.0,0.0,0.0,1.0,0.0,0.0,0.0,0.0,0.0,0.0,0.0,0.0,0.0,0.0,0.0,1.0,0.0,1.0,0.0,0.0,0.0,0.0,0.0,1.0,0.0,0.0,0.0,1.0,0.0,1.0
-0.5963460449657983,-0.42502866129959677,-0.46508427634374117,1.9217478939753856,0.7031624336026958,0.3517161889431792,-0.6950201218423445,1.0,0.0,1.0,0.0,0.0,0.0,0.0,0.0,1.0,0.0,0.0,0.0,0.0,0.0,0.0,0.0,0.0,0.0,1.0,1.0,0.0,0.0,0.0,0.0,1.0,0.0,0.0,0.0,0.0,0.0,1.0,0.0,0.0
1.6418103441306826,-0.790704010470588,-0.46508427634374117,-0.46618317148792077,-0.5563385795422586,-0.5490821079184883,-0.5143140395029151,0.0,1.0,0.0,0.0,1.0,0.0,0.0,1.0,0.0,0.0,0.0,0.0,0.0,0.0,0.0,0.0,0.0,0.0,1.0,0.0,0.0,1.0,0.0,0.0,0.0,1.0,0.0,0.0,0.0,0.0,1.0,1.0,0.0
1.18659209550089,0.11180058672562043,0.4783345406270387,0.7277823612437324,0.7031624336026958,1.2525144858048467,-0.4465848164677226,1.0,0.0,0.0,0.0,1.0,0.0,0.0,0.0,1.0,0.0,0.0,0.0,0.0,0.0,0.0,0.0,0.0,0.0,1.0,0.0,0.0,1.0,0.0,0.0,1.0,0.0,0.0,0.0,0.0,1.0,0.0,0.0,0.0
-0.8618900233331774,-0.1827330081701693,0.4783345406270387,0.7277823612437324,0.7031624336026958,0.3517161889431792,-0.5828898778260476,0.0,1.0,0.0,0.0,1.0,0.0,0.0,1.0,0.0,0.0,0.0,0.0,0.0,0.0,0.0,0.0,0.0,0.0,1.0,0.0,0.0,0.0,0.0,1.0,1.0,0.0,0.0,0.0,0.0,0.0,1.0,0.0,0.0
-0.5963460449657983,2.0341987979955096,7.082266259422497,1.9217478939753856,5.741166486182514,3.0541110795281816,-0.6349564101742471,1.0,0.0,0.0,0.0,1.0,0.0,1.0,0.0,0.0,0.0,0.0,0.0,0.0,0.0,0.0,0.0,0.0,0.0,1.0,1.0,0.0,0.0,0.0,0.0,0.0,0.0,0.0,1.0,0.0,0.0,1.0,0.0,0.0
-0.5963460449657983,-0.41262776029379805,0.4783345406270387,-0.46618317148792077,0.07341192703021858,-0.5490821079184883,-0.5143140395029151,1.0,0.0,0.0,1.0,0.0,0.0,1.0,0.0,0.0,0.0,0.0,0.0,0.0,0.0,0.0,0.0,0.0,0.0,1.0,1.0,0.0,0.0,0.0,0.0,1.0,0.0,0.0,0.0,0.0,0.0,1.0,0.0,0.0
-0.10319294228352285,0.44109280462153433,-0.46508427634374117,0.7277823612437324,0.07341192703021858,0.3517161889431792,0.07831666205501961,0.0,1.0,0.0,0.0,1.0,0.0,0.0,0.0,0.0,1.0,0.0,0.0,0.0,0.0,0.0,0.0,0.0,0.0,1.0,1.0,0.0,0.0,0.0,0.0,0.0,0.0,0.0,1.0,0.0,1.0,0.0,0.0,0.0
1.983224030603027,-0.7760688007863252,-0.46508427634374117,-0.46618317148792077,-0.5563385795422586,-0.5490821079184883,-0.4939952725923573,0.0,1.0,0.0,0.0,1.0,0.0,0.0,1.0,0.0,0.0,0.0,0.0,0.0,0.0,0.0,0.0,0.0,0.0,1.0,0.0,0.0,1.0,0.0,0.0,0.0,0.0,1.0,0.0,0.0,0.0,1.0,1.0,0.0
-0.40667177470338467,2.0341987979955096,-0.46508427634374117,0.7277823612437324,0.07341192703021858,0.3517161889431792,1.1842095751570987,0.0,1.0,1.0,0.0,0.0,0.0,0.0,1.0,0.0,0.0,0.0,1.0,0.0,0.0,0.0,0.0,0.0,0.0,0.0,1.0,0.0,0.0,0.0,0.0,0.0,0.0,0.0,1.0,1.0,0.0,0.0,0.0,0.0
0.8072435549760626,-1.168780260647378,-0.46508427634374117,-0.46618317148792077,-0.5563385795422586,-0.5490821079184883,-1.0392155180256573,0.0,1.0,0.0,0.0,1.0,0.0,0.0,1.0,0.0,0.0,0.0,0.0,0.0,0.0,0.0,0.0,0.0,0.0,1.0,1.0,0.0,0.0,0.0,0.0,0.0,1.0,0.0,0.0,1.0,0.0,0.0,1.0,0.0
-0.5963460449657983,-0.3833573409252723,0.4783345406270387,-0.46618317148792077,0.07341192703021858,-0.5490821079184883,-0.4939952725923573,1.0,0.0,0.0,0.0,1.0,0.0,0.0,0.0,1.0,0.0,0.0,0.0,0.0,0.0,0.0,0.0,0.0,0.0,1.0,1.0,0.0,0.0,0.0,0.0,1.0,0.0,0.0,0.0,0.0,0.0,1.0,0.0,0.0
-0.25493235849345375,-0.024794703660832786,0.4783345406270387,1.9217478939753856,1.3329129401751731,0.3517161889431792,-0.6421529479818411,0.0,1.0,0.0,0.0,1.0,0.0,0.0,1.0,0.0,0.0,0.0,0.0,0.0,0.0,0.0,0.0,0.0,0.0,1.0,1.0,0.0,0.0,0.0,0.0,1.0,0.0,0.0,0.0,0.0,0.0,1.0,0.0,0.0
-0.25493235849345375,2.0341987979955096,7.082266259422497,1.9217478939753856,5.741166486182514,3.0541110795281816,-0.6349564101742471,0.0,1.0,0.0,0.0,1.0,1.0,0.0,0.0,0.0,0.0,0.0,0.0,0.0,0.0,0.0,0.0,0.0,0.0,1.0,1.0,0.0,0.0,0.0,0.0,0.0,0.0,0.0,1.0,0.0,0.0,1.0,0.0,0.0
-0.0273232341785574,0.0996045786554014,0.4783345406270387,-0.46618317148792077,0.07341192703021858,-0.5490821079184883,-0.1587356185681543,1.0,0.0,0.0,0.0,1.0,0.0,0.0,0.0,1.0,0.0,0.0,0.0,0.0,0.0,0.0,0.0,0.0,0.0,1.0,1.0,0.0,0.0,0.0,0.0,1.0,0.0,0.0,0.0,0.0,1.0,0.0,0.0,0.0
2.1728983008654406,2.0341987979955096,-0.46508427634374117,0.7277823612437324,0.07341192703021858,1.2525144858048467,1.1842095751570987,1.0,0.0,0.0,0.0,1.0,0.0,0.0,0.0,1.0,0.0,0.0,0.0,1.0,0.0,0.0,0.0,0.0,0.0,0.0,0.0,0.0,1.0,0.0,0.0,0.0,0.0,0.0,1.0,1.0,0.0,0.0,0.0,0.0
-0.25493235849345375,-0.7821668048214347,-0.46508427634374117,-0.46618317148792077,-0.5563385795422586,-0.5490821079184883,-0.5024614254717564,1.0,0.0,0.0,0.0,1.0,0.0,1.0,0.0,0.0,0.0,0.0,0.0,0.0,0.0,0.0,0.0,0.0,0.0,1.0,1.0,0.0,0.0,0.0,0.0,0.0,0.0,1.0,0.0,0.0,0.0,1.0,1.0,0.0
1.1107223873959244,1.6596789037719955,-0.46508427634374117,0.7277823612437324,0.07341192703021858,0.3517161889431792,0.9242275660753603,1.0,0.0,1.0,0.0,0.0,0.0,0.0,0.0,1.0,0.0,0.0,1.0,0.0,0.0,0.0,0.0,0.0,0.0,0.0,0.0,0.0,1.0,0.0,0.0,0.0,0.0,0.0,1.0,1.0,0.0,0.0,0.0,0.0
-0.25493235849345375,-0.816315627418048,-0.46508427634374117,-0.46618317148792077,-0.5563385795422586,-0.5490821079184883,-0.5498718815963912,0.0,1.0,1.0,0.0,0.0,0.0,0.0,1.0,0.0,0.0,0.0,0.0,0.0,0.0,0.0,0.0,0.0,0.0,1.0,1.0,0.0,0.0,0.0,0.0,0.0,1.0,0.0,0.0,0.0,0.0,1.0,1.0,0.0
0.20028589013633896,-0.7608237906985514,-0.46508427634374117,-0.46618317148792077,-0.5563385795422586,-0.5490821079184883,-0.47282989039385964,0.0,1.0,0.0,0.0,1.0,0.0,0.0,1.0,0.0,0.0,0.0,0.0,0.0,0.0,0.0,0.0,0.0,0.0,1.0,1.0,0.0,0.0,0.0,0.0,0.0,0.0,1.0,0.0,0.0,0.0,1.0,1.0,0.0
-0.25493235849345375,-0.6565479216981787,-0.46508427634374117,-0.46618317148792077,-0.5563385795422586,-0.5490821079184883,-0.32805867615613565,0.0,1.0,0.0,0.0,1.0,0.0,0.0,1.0,0.0,0.0,0.0,0.0,0.0,0.0,0.0,0.0,0.0,0.0,1.0,1.0,0.0,0.0,0.0,0.0,0.0,0.0,1.0,0.0,0.0,1.0,0.0,1.0,0.0
-1.0136294395431082,-0.7760688007863252,-0.46508427634374117,-0.46618317148792077,-0.5563385795422586,-0.5490821079184883,-0.4939952725923573,0.0,1.0,0.0,0.0,1.0,0.0,0.0,1.0,0.0,0.0,0.0,0.0,0.0,0.0,0.0,0.0,0.0,0.0,1.0,0.0,0.0,0.0,0.0,1.0,0.0,0.0,1.0,0.0,0.0,0.0,1.0,1.0,0.0
-0.7860203152282119,-0.7894844096635663,-0.46508427634374117,-0.46618317148792077,-0.5563385795422586,-0.5490821079184883,-0.5126208089270353,0.0,1.0,0.0,0.0,1.0,0.0,0.0,1.0,0.0,0.0,0.0,0.0,0.0,0.0,0.0,0.0,0.0,0.0,1.0,0.0,0.0,0.0,0.0,1.0,0.0,1.0,0.0,0.0,0.0,0.0,1.0,1.0,0.0
-0.25493235849345375,-0.7835912985640363,-0.46508427634374117,-0.46618317148792077,-0.5563385795422586,-0.5490821079184883,-0.5044391187843841,0.0,1.0,0.0,0.0,1.0,0.0,0.0,1.0,0.0,0.0,0.0,0.0,0.0,0.0,0.0,0.0,0.0,0.0,1.0,1.0,0.0,0.0,0.0,0.0,0.0,1.0,0.0,0.0,0.0,0.0,1.0,1.0,0.0
1.4142012198157863,-0.7856207143069208,-0.46508427634374117,-0.46618317148792077,-0.5563385795422586,-0.5490821079184883,-0.5072566544626481,0.0,1.0,0.0,0.0,1.0,0.0,0.0,1.0,0.0,0.0,0.0,0.0,0.0,0.0,0.0,0.0,0.0,0.0,1.0,0.0,0.0,1.0,0.0,0.0,0.0,1.0,0.0,0.0,0.0,0.0,1.0,1.0,0.0
-0.25493235849345375,-0.790704010470588,-0.46508427634374117,-0.46618317148792077,-0.5563385795422586,-0.5490821079184883,-0.5143140395029151,0.0,1.0,0.0,1.0,0.0,0.0,0.0,1.0,0.0,0.0,0.0,0.0,0.0,0.0,0.0,0.0,0.0,0.0,1.0,1.0,0.0,0.0,0.0,0.0,0.0,1.0,0.0,0.0,0.0,0.0,1.0,1.0,0.0
-1.5447173962778664,1.1191908533257127,4.252009808510158,1.9217478939753856,3.851914966465082,2.153312782666514,-0.6421529479818411,0.0,1.0,0.0,0.0,1.0,1.0,0.0,0.0,0.0,0.0,0.0,0.0,0.0,0.0,0.0,0.0,0.0,0.0,1.0,0.0,1.0,0.0,0.0,0.0,0.0,0.0,0.0,1.0,0.0,0.0,1.0,0.0,1.0
0.42789501445123534,2.0341987979955096,0.4783345406270387,-0.46618317148792077,0.07341192703021858,-0.5490821079184883,1.1842095751570987,1.0,0.0,0.0,0.0,1.0,0.0,0.0,0.0,1.0,0.0,0.0,0.0,1.0,0.0,0.0,0.0,0.0,0.0,0.0,1.0,0.0,0.0,0.0,0.0,0.0,0.0,0.0,1.0,1.0,0.0,0.0,0.0,0.0
-1.31710827196297,-0.6203648049554529,0.4783345406270387,-0.46618317148792077,0.07341192703021858,-0.5490821079184883,-0.6585197147282954,0.0,1.0,1.0,0.0,0.0,1.0,0.0,0.0,0.0,0.0,0.0,0.0,0.0,0.0,0.0,0.0,0.0,0.0,1.0,0.0,1.0,0.0,0.0,0.0,0.0,0.0,1.0,0.0,0.0,0.0,1.0,0.0,0.0
0.1244161820313735,-0.7856207143069208,-0.46508427634374117,-0.46618317148792077,-0.5563385795422586,-0.5490821079184883,-0.5072566544626481,1.0,0.0,0.0,0.0,1.0,0.0,1.0,0.0,0.0,0.0,0.0,0.0,0.0,0.0,0.0,0.0,0.0,0.0,1.0,1.0,0.0,0.0,0.0,0.0,0.0,1.0,0.0,0.0,0.0,0.0,1.0,1.0,0.0
-0.17906265038848831,-0.4927165060893124,0.4783345406270387,-0.46618317148792077,0.07341192703021858,-0.5490821079184883,-0.569909572231353,1.0,0.0,1.0,0.0,0.0,0.0,1.0,0.0,0.0,0.0,0.0,0.0,0.0,0.0,0.0,0.0,0.0,0.0,1.0,1.0,0.0,0.0,0.0,0.0,0.0,0.0,1.0,0.0,0.0,1.0,0.0,0.0,0.0
1.034852679290959,2.0341987979955096,-0.46508427634374117,0.7277823612437324,0.07341192703021858,0.3517161889431792,1.1842095751570987,1.0,0.0,0.0,0.0,1.0,0.0,0.0,0.0,1.0,0.0,0.0,1.0,0.0,0.0,0.0,0.0,0.0,0.0,0.0,0.0,0.0,1.0,0.0,0.0,0.0,0.0,0.0,1.0,1.0,0.0,0.0,0.0,0.0
0.08648132797889078,-0.790704010470588,-0.46508427634374117,-0.46618317148792077,-0.5563385795422586,-0.5490821079184883,-0.5143140395029151,1.0,0.0,0.0,1.0,0.0,0.0,1.0,0.0,0.0,0.0,0.0,0.0,0.0,0.0,0.0,0.0,0.0,0.0,1.0,1.0,0.0,0.0,0.0,0.0,0.0,1.0,0.0,0.0,0.0,0.0,1.0,1.0,0.0
0.3520253063462699,-0.7760688007863252,-0.46508427634374117,-0.46618317148792077,-0.5563385795422586,-0.5490821079184883,-0.4939952725923573,0.0,1.0,0.0,0.0,1.0,0.0,0.0,1.0,0.0,0.0,0.0,0.0,0.0,0.0,0.0,0.0,0.0,0.0,1.0,1.0,0.0,0.0,0.0,0.0,0.0,0.0,1.0,0.0,0.0,0.0,1.0,1.0,0.0
0.048546473926408054,-1.168780260647378,-0.46508427634374117,-0.46618317148792077,-0.5563385795422586,1.2525144858048467,-1.0392155180256573,0.0,1.0,0.0,0.0,1.0,0.0,0.0,1.0,0.0,0.0,0.0,0.0,0.0,0.0,0.0,0.0,0.0,0.0,1.0,1.0,0.0,0.0,0.0,0.0,0.0,1.0,0.0,0.0,0.0,1.0,0.0,1.0,0.0
-0.48254148280835013,-0.5345878409959883,-0.46508427634374117,-0.46618317148792077,-0.5563385795422586,-0.5490821079184883,-0.1587356185681543,0.0,1.0,0.0,0.0,1.0,0.0,0.0,1.0,0.0,0.0,0.0,0.0,0.0,0.0,0.0,0.0,0.0,0.0,1.0,1.0,0.0,0.0,0.0,0.0,0.0,0.0,1.0,0.0,0.0,1.0,0.0,1.0,0.0
-0.40667177470338467,-0.3540869215567467,-0.46508427634374117,1.9217478939753856,0.7031624336026958,0.3517161889431792,-0.6621895097964189,1.0,0.0,0.0,0.0,1.0,0.0,0.0,0.0,1.0,0.0,0.0,0.0,0.0,0.0,0.0,0.0,1.0,0.0,0.0,1.0,0.0,0.0,0.0,0.0,1.0,0.0,0.0,0.0,0.0,0.0,1.0,0.0,0.0
0.7313738468710972,0.0996045786554014,-0.46508427634374117,-0.46618317148792077,-0.5563385795422586,-0.5490821079184883,0.7217442808893487,0.0,1.0,0.0,0.0,1.0,0.0,0.0,1.0,0.0,0.0,0.0,0.0,0.0,0.0,0.0,0.0,0.0,0.0,1.0,1.0,0.0,0.0,0.0,0.0,1.0,0.0,0.0,0.0,0.0,1.0,0.0,1.0,0.0
-0.40667177470338467,-0.5345878409959883,-0.46508427634374117,-0.46618317148792077,-0.5563385795422586,-0.5490821079184883,-0.1587356185681543,1.0,0.0,0.0,0.0,1.0,0.0,1.0,0.0,0.0,0.0,0.0,0.0,0.0,0.0,0.0,1.0,0.0,0.0,0.0,1.0,0.0,0.0,0.0,0.0,0.0,0.0,1.0,0.0,0.0,1.0,0.0,1.0,0.0
-0.25493235849345375,-0.7868403151139427,-0.46508427634374117,-0.46618317148792077,-0.5563385795422586,-0.5490821079184883,-0.5089498850385279,0.0,1.0,0.0,1.0,0.0,0.0,0.0,1.0,0.0,0.0,0.0,0.0,0.0,0.0,0.0,0.0,0.0,0.0,1.0,1.0,0.0,0.0,0.0,0.0,0.0,1.0,0.0,0.0,0.0,0.0,1.0,1.0,0.0
-2.1706424881438315,-0.22928273177258132,1.4217533575978185,0.7277823612437324,1.3329129401751731,1.2525144858048467,-0.7131280940309952,1.0,0.0,1.0,0.0,0.0,0.0,1.0,0.0,0.0,0.0,0.0,0.0,0.0,0.0,0.0,0.0,0.0,0.0,1.0,0.0,1.0,0.0,0.0,0.0,1.0,0.0,0.0,0.0,0.0,0.0,1.0,0.0,1.0
0.3520253063462699,-0.5345878409959883,-0.46508427634374117,-0.46618317148792077,-0.5563385795422586,-0.5490821079184883,-0.1587356185681543,0.0,1.0,0.0,0.0,1.0,0.0,0.0,1.0,0.0,0.0,0.0,0.0,0.0,0.0,0.0,0.0,0.0,0.0,1.0,1.0,0.0,0.0,0.0,0.0,0.0,0.0,1.0,0.0,0.0,1.0,0.0,1.0,0.0
-0.48254148280835013,-0.7187475628562958,-0.46508427634374117,-0.46618317148792077,-0.5563385795422586,-0.5490821079184883,-0.4144134355260061,0.0,1.0,0.0,0.0,1.0,0.0,0.0,1.0,0.0,0.0,0.0,0.0,0.0,0.0,0.0,0.0,0.0,0.0,1.0,1.0,0.0,0.0,0.0,0.0,0.0,0.0,1.0,0.0,0.0,0.0,1.0,1.0,0.0
0.9589829711859935,0.0996045786554014,0.4783345406270387,-0.46618317148792077,0.07341192703021858,-0.5490821079184883,-0.1587356185681543,1.0,0.0,0.0,0.0,1.0,0.0,0.0,0.0,1.0,0.0,0.0,0.0,0.0,0.0,0.0,0.0,0.0,0.0,1.0,0.0,0.0,1.0,0.0,0.0,1.0,0.0,0.0,0.0,0.0,1.0,0.0,0.0,0.0
-0.25493235849345375,-0.7561502804060435,-0.46508427634374117,-0.46618317148792077,-0.5563385795422586,-0.5490821079184883,-0.4663414308270883,0.0,1.0,0.0,1.0,0.0,0.0,0.0,1.0,0.0,0.0,0.0,0.0,0.0,0.0,0.0,0.0,0.0,0.0,1.0,1.0,0.0,0.0,0.0,0.0,0.0,0.0,1.0,0.0,0.0,0.0,1.0,1.0,0.0
-0.5584111909133156,-0.7760688007863252,-0.46508427634374117,-0.46618317148792077,-0.5563385795422586,-0.5490821079184883,-0.4939952725923573,0.0,1.0,0.0,0.0,1.0,0.0,0.0,1.0,0.0,0.0,0.0,0.0,0.0,0.0,0.0,0.0,0.0,0.0,1.0,1.0,0.0,0.0,0.0,0.0,0.0,0.0,1.0,0.0,0.0,0.0,1.0,1.0,0.0
-2.1645729114954344,0.2459566754980298,-0.46508427634374117,1.9217478939753856,0.7031624336026958,0.3517161889431792,-0.38449969535212947,0.0,1.0,0.0,0.0,1.0,1.0,0.0,0.0,0.0,0.0,0.0,0.0,0.0,0.0,0.0,0.0,0.0,0.0,1.0,0.0,1.0,0.0,0.0,0.0,1.0,0.0,0.0,0.0,0.0,1.0,0.0,0.0,1.0
-0.5963460449657983,-0.8004608169267633,-0.46508427634374117,-0.46618317148792077,-0.5563385795422586,-0.5490821079184883,-0.5278598841099537,1.0,0.0,0.0,0.0,1.0,0.0,1.0,0.0,0.0,0.0,0.0,0.0,0.0,0.0,0.0,0.0,0.0,0.0,1.0,1.0,0.0,0.0,0.0,0.0,0.0,1.0,0.0,0.0,0.0,0.0,1.0,1.0,0.0
1.7176800522356481,-0.5101958248555503,-0.46508427634374117,-0.46618317148792077,-0.5563385795422586,-0.5490821079184883,-0.12487100705055801,0.0,1.0,0.0,0.0,1.0,0.0,0.0,1.0,0.0,0.0,0.0,0.0,0.0,0.0,0.0,0.0,0.0,0.0,1.0,0.0,0.0,1.0,0.0,0.0,0.0,0.0,1.0,0.0,0.0,1.0,0.0,1.0,0.0
-0.9377597314381428,-0.8246479401316216,0.4783345406270387,-0.46618317148792077,0.07341192703021858,-0.5490821079184883,-0.8003277754582298,0.0,1.0,0.0,0.0,1.0,0.0,0.0,1.0,0.0,0.0,0.0,0.0,0.0,0.0,0.0,0.0,0.0,0.0,1.0,0.0,0.0,0.0,0.0,1.0,0.0,1.0,0.0,0.0,0.0,0.0,1.0,0.0,0.0
1.4900709279207516,2.0341987979955096,0.4783345406270387,-0.46618317148792077,0.07341192703021858,0.3517161889431792,1.1842095751570987,0.0,1.0,1.0,0.0,0.0,0.0,0.0,1.0,0.0,0.0,0.0,0.0,1.0,0.0,0.0,0.0,0.0,0.0,0.0,0.0,0.0,1.0,0.0,0.0,0.0,0.0,0.0,1.0,1.0,0.0,0.0,0.0,0.0
1.1107223873959244,-0.7821668048214347,-0.46508427634374117,-0.46618317148792077,-0.5563385795422586,-0.5490821079184883,-0.5024614254717564,0.0,1.0,0.0,0.0,1.0,0.0,0.0,1.0,0.0,0.0,0.0,0.0,0.0,0.0,0.0,0.0,0.0,0.0,1.0,0.0,0.0,1.0,0.0,0.0,0.0,0.0,1.0,0.0,0.0,0.0,1.0,1.0,0.0
-1.7723265205927627,-0.5601994579434484,-0.46508427634374117,0.7277823612437324,0.07341192703021858,-0.5490821079184883,-0.616754489343644,0.0,1.0,0.0,0.0,1.0,1.0,0.0,0.0,0.0,0.0,0.0,0.0,0.0,0.0,1.0,0.0,0.0,0.0,0.0,0.0,1.0,0.0,0.0,0.0,0.0,0.0,1.0,0.0,0.0,0.0,1.0,0.0,1.0
2.6281165494952337,0.0996045786554014,-0.46508427634374117,-0.46618317148792077,-0.5563385795422586,-0.5490821079184883,0.7217442808893487,0.0,1.0,0.0,0.0,1.0,0.0,0.0,1.0,0.0,0.0,0.0,0.0,0.0,0.0,0.0,0.0,0.0,0.0,1.0,0.0,0.0,0.0,1.0,0.0,1.0,0.0,0.0,0.0,1.0,0.0,0.0,1.0,0.0
-0.8618900233331774,-0.7894844096635663,-0.46508427634374117,-0.46618317148792077,-0.5563385795422586,-0.5490821079184883,-0.5126208089270353,1.0,0.0,0.0,0.0,1.0,0.0,1.0,0.0,0.0,0.0,0.0,0.0,0.0,0.0,0.0,0.0,0.0,0.0,1.0,0.0,0.0,0.0,0.0,1.0,0.0,1.0,0.0,0.0,0.0,0.0,1.0,1.0,0.0
-0.7860203152282119,-0.4614117925746742,-0.46508427634374117,-0.46618317148792077,-0.5563385795422586,0.3517161889431792,-0.057141784015365474,0.0,1.0,0.0,0.0,1.0,0.0,0.0,1.0,0.0,0.0,0.0,0.0,0.0,0.0,0.0,0.0,0.0,0.0,1.0,0.0,0.0,0.0,0.0,1.0,1.0,0.0,0.0,0.0,0.0,0.0,1.0,1.0,0.0
-0.25493235849345375,-0.1650487964683517,0.4783345406270387,1.9217478939753856,1.3329129401751731,0.3517161889431792,-0.6908333270383857,0.0,1.0,0.0,0.0,1.0,0.0,0.0,1.0,0.0,0.0,0.0,0.0,0.0,0.0,0.0,0.0,0.0,0.0,1.0,1.0,0.0,0.0,0.0,0.0,1.0,0.0,0.0,0.0,0.0,0.0,1.0,0.0,0.0
1.034852679290959,0.11180058672562043,0.4783345406270387,0.7277823612437324,0.7031624336026958,1.2525144858048467,-0.4465848164677226,0.0,1.0,0.0,0.0,1.0,0.0,0.0,1.0,0.0,0.0,0.0,0.0,0.0,0.0,0.0,0.0,0.0,0.0,1.0,0.0,0.0,1.0,0.0,0.0,1.0,0.0,0.0,0.0,0.0,1.0,0.0,0.0,0.0
-0.25493235849345375,0.009354118935780474,-0.46508427634374117,-0.46618317148792077,-0.5563385795422586,1.2525144858048467,0.5964452182742425,0.0,1.0,0.0,1.0,0.0,0.0,0.0,1.0,0.0,0.0,0.0,0.0,0.0,0.0,0.0,0.0,0.0,0.0,1.0,1.0,0.0,0.0,0.0,0.0,1.0,0.0,0.0,0.0,0.0,0.0,1.0,1.0,0.0
-0.48254148280835013,-0.7821668048214347,-0.46508427634374117,-0.46618317148792077,-0.5563385795422586,-0.5490821079184883,-0.5024614254717564,1.0,0.0,0.0,0.0,1.0,0.0,1.0,0.0,0.0,0.0,0.0,0.0,0.0,0.0,0.0,0.0,0.0,0.0,1.0,1.0,0.0,0.0,0.0,0.0,0.0,0.0,1.0,0.0,0.0,0.0,1.0,1.0,0.0
-1.0136294395431082,0.7673360204998935,3.3085909915393783,0.7277823612437324,2.592413953320128,3.0541110795281816,-0.5912149281574566,0.0,1.0,0.0,0.0,1.0,0.0,0.0,1.0,0.0,0.0,0.0,0.0,0.0,0.0,0.0,0.0,0.0,0.0,1.0,0.0,0.0,0.0,0.0,1.0,0.0,0.0,0.0,1.0,0.0,0.0,1.0,0.0,0.0
0.5037647225562008,2.0341987979955096,-0.46508427634374117,1.9217478939753856,0.7031624336026958,-0.5490821079184883,0.4430678774295135,1.0,0.0,0.0,0.0,1.0,0.0,1.0,0.0,0.0,0.0,0.0,1.0,0.0,0.0,0.0,0.0,0.0,0.0,0.0,1.0,0.0,0.0,0.0,0.0,0.0,0.0,0.0,1.0,1.0,0.0,0.0,0.0,0.0
-0.5584111909133156,1.5143415148008093,-0.46508427634374117,0.7277823612437324,0.07341192703021858,0.3517161889431792,0.8233381154421375,1.0,0.0,0.0,0.0,1.0,0.0,1.0,0.0,0.0,0.0,0.0,0.0,0.0,0.0,1.0,0.0,0.0,0.0,0.0,1.0,0.0,0.0,0.0,0.0,0.0,0.0,0.0,1.0,1.0,0.0,0.0,0.0,0.0
-0.7860203152282119,-0.7835912985640363,-0.46508427634374117,-0.46618317148792077,-0.5563385795422586,-0.5490821079184883,-0.5044391187843841,0.0,1.0,0.0,0.0,1.0,0.0,0.0,1.0,0.0,0.0,0.0,0.0,0.0,0.0,0.0,0.0,0.0,0.0,1.0,0.0,0.0,0.0,0.0,1.0,0.0,1.0,0.0,0.0,0.0,0.0,1.0,1.0,0.0
-0.5963460449657983,-0.7844011134998988,-0.46508427634374117,-0.46618317148792077,-0.5563385795422586,-0.5490821079184883,-0.5055634238867682,1.0,0.0,0.0,1.0,0.0,0.0,1.0,0.0,0.0,0.0,0.0,0.0,0.0,0.0,0.0,0.0,0.0,0.0,1.0,1.0,0.0,0.0,0.0,0.0,0.0,1.0,0.0,0.0,0.0,0.0,1.0,1.0,0.0
1.3383315117108208,-0.7297239701194929,-0.46508427634374117,-0.46618317148792077,-0.5563385795422586,-0.5490821079184883,-0.42965251070892446,0.0,1.0,0.0,0.0,1.0,0.0,0.0,1.0,0.0,0.0,0.0,0.0,0.0,0.0,0.0,0.0,0.0,0.0,1.0,0.0,0.0,1.0,0.0,0.0,0.0,0.0,1.0,0.0,0.0,0.0,1.0,1.0,0.0
0.8072435549760626,-0.400431752223579,-0.46508427634374117,-0.46618317148792077,-0.5563385795422586,-0.5490821079184883,0.0275197447786252,1.0,0.0,0.0,0.0,1.0,0.0,0.0,0.0,1.0,0.0,0.0,0.0,0.0,0.0,0.0,0.0,0.0,0.0,1.0,1.0,0.0,0.0,0.0,0.0,1.0,0.0,0.0,0.0,0.0,1.0,0.0,1.0,0.0
-0.7101506071232465,-0.6894771434877701,0.4783345406270387,-0.46618317148792077,0.07341192703021858,-0.5490821079184883,-0.706495709865274,1.0,0.0,0.0,0.0,1.0,0.0,1.0,0.0,0.0,0.0,0.0,0.0,0.0,0.0,0.0,0.0,0.0,0.0,1.0,0.0,0.0,0.0,0.0,1.0,0.0,0.0,1.0,0.0,0.0,0.0,1.0,0.0,0.0
0.5037647225562008,0.0996045786554014,0.4783345406270387,-0.46618317148792077,0.07341192703021858,-0.5490821079184883,-0.1587356185681543,1.0,0.0,0.0,0.0,1.0,0.0,0.0,0.0,1.0,0.0,0.0,0.0,0.0,0.0,0.0,0.0,0.0,0.0,1.0,1.0,0.0,0.0,0.0,0.0,1.0,0.0,0.0,0.0,0.0,1.0,0.0,0.0,0.0
-0.8618900233331774,-0.7856207143069208,0.4783345406270387,0.7277823612437324,0.7031624336026958,-0.5490821079184883,-0.8618958968379876,0.0,1.0,0.0,0.0,1.0,0.0,0.0,1.0,0.0,0.0,0.0,0.0,0.0,0.0,0.0,0.0,0.0,0.0,1.0,0.0,0.0,0.0,0.0,1.0,0.0,1.0,0.0,0.0,0.0,0.0,1.0,0.0,0.0
-0.8618900233331774,-0.6077638894173025,-0.46508427634374117,-0.46618317148792077,-0.5563385795422586,-0.5490821079184883,-0.2603294531209431,0.0,1.0,0.0,0.0,1.0,0.0,0.0,1.0,0.0,0.0,0.0,0.0,0.0,0.0,0.0,0.0,0.0,0.0,1.0,0.0,0.0,0.0,0.0,1.0,0.0,0.0,1.0,0.0,0.0,1.0,0.0,1.0,0.0
0.20028589013633896,1.5873126702865439,-0.46508427634374117,-0.46618317148792077,-0.5563385795422586,3.9549093763898493,2.7872011207259737,0.0,1.0,0.0,0.0,1.0,0.0,0.0,1.0,0.0,0.0,0.0,0.0,0.0,0.0,0.0,0.0,0.0,0.0,1.0,1.0,0.0,0.0,0.0,0.0,0.0,0.0,0.0,1.0,0.0,0.0,1.0,1.0,0.0
0.2761555982413044,-0.7835912985640363,-0.46508427634374117,-0.46618317148792077,-0.5563385795422586,-0.5490821079184883,-0.5044391187843841,0.0,1.0,1.0,0.0,0.0,0.0,0.0,1.0,0.0,0.0,0.0,0.0,0.0,0.0,0.0,0.0,0.0,0.0,1.0,1.0,0.0,0.0,0.0,0.0,0.0,1.0,0.0,0.0,0.0,0.0,1.0,1.0,0.0
0.42789501445123534,0.1264357964098833,-0.46508427634374117,-0.46618317148792077,-0.5563385795422586,-0.5490821079184883,0.7589953535587047,0.0,1.0,1.0,0.0,0.0,0.0,0.0,1.0,0.0,0.0,0.0,0.0,0.0,0.0,0.0,0.0,0.0,0.0,1.0,1.0,0.0,0.0,0.0,0.0,1.0,0.0,0.0,0.0,1.0,0.0,0.0,1.0,0.0
2.6281165494952337,2.0341987979955096,0.4783345406270387,4.309678959438692,2.592413953320128,-0.5490821079184883,-0.29807382029807195,0.0,1.0,0.0,0.0,1.0,0.0,0.0,1.0,0.0,0.0,0.0,0.0,1.0,0.0,0.0,0.0,0.0,0.0,0.0,0.0,0.0,0.0,1.0,0.0,0.0,0.0,0.0,1.0,1.0,0.0,0.0,0.0,0.0
1.7176800522356481,2.0341987979955096,0.4783345406270387,0.7277823612437324,0.7031624336026958,1.2525144858048467,0.4430678774295135,0.0,1.0,0.0,0.0,1.0,0.0,0.0,1.0,0.0,0.0,0.0,0.0,0.0,0.0,1.0,0.0,0.0,0.0,0.0,0.0,0.0,1.0,0.0,0.0,0.0,0.0,0.0,1.0,1.0,0.0,0.0,0.0,0.0
-0.40667177470338467,-0.22928273177258132,-0.46508427634374117,3.1157134267070385,1.3329129401751731,1.2525144858048467,-0.7131280940309952,1.0,0.0,1.0,0.0,0.0,0.0,0.0,0.0,1.0,0.0,0.0,0.0,0.0,0.0,0.0,0.0,0.0,0.0,1.0,1.0,0.0,0.0,0.0,0.0,1.0,0.0,0.0,0.0,0.0,0.0,1.0,0.0,0.0
2.4005074251803373,-0.8644898592954132,-0.46508427634374117,-0.46618317148792077,-0.5563385795422586,-0.5490821079184883,-0.616754489343644,0.0,1.0,0.0,0.0,1.0,0.0,0.0,1.0,0.0,0.0,0.0,0.0,0.0,0.0,0.0,0.0,0.0,0.0,1.0,0.0,0.0,0.0,1.0,0.0,0.0,1.0,0.0,0.0,0.0,0.0,1.0,1.0,0.0
-0.40667177470338467,-0.6565479216981787,-0.46508427634374117,-0.46618317148792077,-0.5563385795422586,-0.5490821079184883,-0.32805867615613565,0.0,1.0,0.0,0.0,1.0,0.0,0.0,1.0,0.0,0.0,0.0,0.0,0.0,0.0,0.0,0.0,0.0,0.0,1.0,1.0,0.0,0.0,0.0,0.0,0.0,0.0,1.0,0.0,0.0,1.0,0.0,1.0,0.0
1.034852679290959,-0.7760688007863252,-0.46508427634374117,-0.46618317148792077,-0.5563385795422586,-0.5490821079184883,-0.4939952725923573,0.0,1.0,0.0,0.0,1.0,0.0,0.0,1.0,0.0,0.0,0.0,0.0,0.0,0.0,0.0,0.0,0.0,0.0,1.0,0.0,0.0,1.0,0.0,0.0,0.0,0.0,1.0,0.0,0.0,0.0,1.0,1.0,0.0
0.3520253063462699,-0.6565479216981787,-0.46508427634374117,-0.46618317148792077,-0.5563385795422586,-0.5490821079184883,-0.32805867615613565,1.0,0.0,0.0,0.0,1.0,0.0,0.0,0.0,1.0,0.0,0.0,0.0,0.0,0.0,0.0,1.0,0.0,0.0,0.0,1.0,0.0,0.0,0.0,0.0,0.0,0.0,1.0,0.0,0.0,1.0,0.0,1.0,0.0
2.552246841390268,-0.7010633511544782,-0.46508427634374117,-0.46618317148792077,-0.5563385795422586,-0.5490821079184883,-0.3898615921757488,1.0,0.0,0.0,0.0,1.0,0.0,0.0,0.0,1.0,0.0,0.0,0.0,0.0,0.0,0.0,0.0,0.0,0.0,1.0,0.0,0.0,0.0,1.0,0.0,0.0,0.0,1.0,0.0,0.0,0.0,1.0,1.0,0.0
-0.40667177470338467,2.0341987979955096,-0.46508427634374117,-0.46618317148792077,-0.5563385795422586,-0.5490821079184883,3.407634668339855,1.0,0.0,1.0,0.0,0.0,0.0,1.0,0.0,0.0,0.0,0.0,1.0,0.0,0.0,0.0,0.0,0.0,0.0,0.0,1.0,0.0,0.0,0.0,0.0,0.0,0.0,0.0,1.0,1.0,0.0,0.0,1.0,0.0
0.6555041387661317,2.0341987979955096,0.4783345406270387,-0.46618317148792077,0.07341192703021858,-0.5490821079184883,1.1842095751570987,1.0,0.0,1.0,0.0,0.0,0.0,0.0,0.0,1.0,0.0,0.0,0.0,1.0,0.0,0.0,0.0,0.0,0.0,0.0,1.0,0.0,0.0,0.0,0.0,0.0,0.0,0.0,1.0,1.0,0.0,0.0,0.0,0.0
-0.634280899018281,-0.8150960266110261,-0.46508427634374117,-0.46618317148792077,-0.5563385795422586,-0.5490821079184883,-0.5481786510205114,0.0,1.0,0.0,0.0,1.0,0.0,0.0,1.0,0.0,0.0,0.0,0.0,0.0,0.0,0.0,0.0,0.0,0.0,1.0,1.0,0.0,0.0,0.0,0.0,0.0,1.0,0.0,0.0,0.0,0.0,1.0,1.0,0.0
1.18659209550089,2.0341987979955096,0.4783345406270387,0.7277823612437324,0.7031624336026958,0.3517161889431792,0.4430678774295135,1.0,0.0,0.0,0.0,1.0,0.0,0.0,0.0,1.0,0.0,0.0,0.0,0.0,0.0,0.0,0.0,0.0,0.0,1.0,0.0,0.0,1.0,0.0,0.0,0.0,0.0,0.0,1.0,1.0,0.0,0.0,0.0,0.0
-1.0136294395431082,0.508170849007739,0.4783345406270387,3.1157134267070385,1.9626634467476503,2.153312782666514,-0.5735771096587086,0.0,1.0,0.0,0.0,1.0,0.0,0.0,1.0,0.0,0.0,0.0,0.0,0.0,0.0,0.0,0.0,0.0,0.0,1.0,0.0,0.0,0.0,0.0,1.0,0.0,0.0,0.0,1.0,0.0,0.0,1.0,0.0,0.0
-0.7101506071232465,-0.7821668048214347,0.4783345406270387,-0.46618317148792077,0.07341192703021858,-0.5490821079184883,-0.7708384717487069,0.0,1.0,0.0,0.0,1.0,0.0,0.0,1.0,0.0,0.0,0.0,0.0,0.0,0.0,0.0,0.0,0.0,0.0,1.0,0.0,0.0,0.0,0.0,1.0,0.0,0.0,1.0,0.0,0.0,0.0,1.0,0.0,0.0
0.048546473926408054,-0.43458057482019224,-0.46508427634374117,-0.46618317148792077,-0.5563385795422586,-0.5490821079184883,-0.01989071134600953,0.0,1.0,1.0,0.0,0.0,0.0,0.0,1.0,0.0,0.0,0.0,0.0,0.0,0.0,0.0,0.0,0.0,0.0,1.0,1.0,0.0,0.0,0.0,0.0,1.0,0.0,0.0,0.0,0.0,1.0,0.0,1.0,0.0
0.883113263081028,0.7673360204998935,-0.46508427634374117,5.503644492170345,2.592413953320128,3.0541110795281816,-0.5912149281574566,1.0,0.0,0.0,0.0,1.0,0.0,0.0,0.0,1.0,0.0,0.0,0.0,0.0,0.0,0.0,0.0,0.0,0.0,1.0,0.0,0.0,1.0,0.0,0.0,0.0,0.0,0.0,1.0,0.0,0.0,1.0,0.0,0.0
0.048546473926408054,-0.5345878409959883,-0.46508427634374117,-0.46618317148792077,-0.5563385795422586,-0.5490821079184883,-0.1587356185681543,0.0,1.0,0.0,0.0,1.0,0.0,0.0,1.0,0.0,0.0,0.0,0.0,0.0,0.0,0.0,0.0,0.0,0.0,1.0,1.0,0.0,0.0,0.0,0.0,0.0,0.0,1.0,0.0,0.0,1.0,0.0,1.0,0.0
-0.0273232341785574,-0.7760688007863252,-0.46508427634374117,-0.46618317148792077,-0.5563385795422586,-0.5490821079184883,-0.4939952725923573,0.0,1.0,0.0,0.0,1.0,0.0,0.0,1.0,0.0,0.0,0.0,0.0,0.0,0.0,0.0,0.0,0.0,0.0,1.0,1.0,0.0,0.0,0.0,0.0,0.0,0.0,1.0,0.0,0.0,0.0,1.0,1.0,0.0
-1.9999356449076593,-0.14065678032791362,2.3651721745685985,0.7277823612437324,1.9626634467476503,2.153312782666514,-0.7537368429323208,1.0,0.0,0.0,0.0,1.0,0.0,1.0,0.0,0.0,0.0,0.0,0.0,0.0,0.0,0.0,0.0,0.0,0.0,1.0,0.0,1.0,0.0,0.0,0.0,1.0,0.0,0.0,0.0,0.0,0.0,1.0,0.0,1.0
-1.9999356449076593,0.0996045786554014,0.4783345406270387,0.7277823612437324,0.7031624336026958,1.2525144858048467,-0.452228918387322,0.0,1.0,0.0,0.0,1.0,1.0,0.0,0.0,0.0,0.0,0.0,0.0,0.0,0.0,0.0,1.0,0.0,0.0,0.0,0.0,1.0,0.0,0.0,0.0,1.0,0.0,0.0,0.0,0.0,1.0,0.0,0.0,1.0
1.869419468445579,0.0996045786554014,0.4783345406270387,-0.46618317148792077,0.07341192703021858,0.3517161889431792,-0.1587356185681543,0.0,1.0,0.0,0.0,1.0,0.0,0.0,0.0,0.0,1.0,0.0,0.0,0.0,0.0,0.0,0.0,0.0,0.0,1.0,0.0,0.0,1.0,0.0,0.0,1.0,0.0,0.0,0.0,0.0,1.0,0.0,0.0,0.0
-0.10319294228352285,-0.7821668048214347,1.4217533575978185,-0.46618317148792077,0.7031624336026958,-0.5490821079184883,-0.860297487174357,0.0,1.0,0.0,0.0,1.0,0.0,0.0,1.0,0.0,0.0,0.0,0.0,0.0,0.0,0.0,0.0,0.0,0.0,1.0,1.0,0.0,0.0,0.0,0.0,0.0,0.0,1.0,0.0,0.0,0.0,1.0,0.0,0.0
0.5037647225562008,-0.8031049114763869,-0.46508427634374117,-0.46618317148792077,-0.5563385795422586,-0.5490821079184883,-0.5315308079984611,0.0,1.0,0.0,0.0,1.0,0.0,0.0,1.0,0.0,0.0,0.0,0.0,0.0,0.0,0.0,0.0,0.0,0.0,1.0,1.0,0.0,0.0,0.0,0.0,0.0,1.0,0.0,0.0,0.0,0.0,1.0,1.0,0.0
1.4142012198157863,0.1264357964098833,-0.46508427634374117,-0.46618317148792077,-0.5563385795422586,-0.5490821079184883,0.7589953535587047,0.0,1.0,0.0,0.0,1.0,0.0,0.0,1.0,0.0,0.0,0.0,0.0,0.0,0.0,1.0,0.0,0.0,0.0,0.0,0.0,0.0,1.0,0.0,0.0,1.0,0.0,0.0,0.0,1.0,0.0,0.0,1.0,0.0
0.1244161820313735,-0.7451738731428464,-0.46508427634374117,-0.46618317148792077,-0.5563385795422586,-0.5490821079184883,-0.45110235564417,1.0,0.0,0.0,0.0,1.0,0.0,0.0,0.0,1.0,0.0,0.0,0.0,0.0,0.0,0.0,0.0,0.0,0.0,1.0,1.0,0.0,0.0,0.0,0.0,0.0,0.0,1.0,0.0,0.0,0.0,1.0,1.0,0.0
-0.25493235849345375,-0.7835912985640363,-0.46508427634374117,-0.46618317148792077,-0.5563385795422586,-0.5490821079184883,-0.5044391187843841,0.0,1.0,0.0,0.0,1.0,0.0,0.0,1.0,0.0,0.0,0.0,0.0,0.0,0.0,0.0,0.0,0.0,0.0,1.0,1.0,0.0,0.0,0.0,0.0,0.0,1.0,0.0,0.0,0.0,0.0,1.0,1.0,0.0
-0.25493235849345375,0.07358805424001012,2.3651721745685985,0.7277823612437324,1.9626634467476503,1.2525144858048467,-0.6942475571715898,0.0,1.0,0.0,0.0,1.0,1.0,0.0,0.0,0.0,0.0,0.0,0.0,0.0,0.0,0.0,0.0,0.0,0.0,1.0,1.0,0.0,0.0,0.0,0.0,1.0,0.0,0.0,0.0,0.0,0.0,1.0,0.0,0.0
-2.19567949181847,-0.7533012929208404,-0.46508427634374117,0.7277823612437324,0.07341192703021858,-0.5490821079184883,-0.7508007811137452,0.0,1.0,1.0,0.0,0.0,1.0,0.0,0.0,0.0,0.0,0.0,0.0,0.0,0.0,0.0,0.0,0.0,0.0,1.0,0.0,1.0,0.0,0.0,0.0,0.0,0.0,1.0,0.0,0.0,0.0,1.0,0.0,1.0
-0.3308020665984192,-0.7894844096635663,-0.46508427634374117,-0.46618317148792077,-0.5563385795422586,-0.5490821079184883,-0.5126208089270353,1.0,0.0,0.0,0.0,1.0,0.0,1.0,0.0,0.0,0.0,0.0,0.0,0.0,0.0,0.0,0.0,0.0,0.0,1.0,1.0,0.0,0.0,0.0,0.0,0.0,1.0,0.0,0.0,0.0,0.0,1.0,1.0,0.0
0.8072435549760626,1.3679894179581809,-0.46508427634374117,-0.46618317148792077,-0.5563385795422586,0.3517161889431792,2.4827040798043547,0.0,1.0,0.0,0.0,1.0,0.0,0.0,1.0,0.0,0.0,1.0,0.0,0.0,0.0,0.0,0.0,0.0,0.0,0.0,1.0,0.0,0.0,0.0,0.0,0.0,0.0,0.0,1.0,1.0,0.0,0.0,1.0,0.0
0.6555041387661317,-0.7461885810142886,-0.46508427634374117,-0.46618317148792077,-0.5563385795422586,-0.5490821079184883,-0.45251112348330197,0.0,1.0,0.0,0.0,1.0,0.0,0.0,1.0,0.0,0.0,0.0,0.0,0.0,0.0,0.0,0.0,0.0,0.0,1.0,1.0,0.0,0.0,0.0,0.0,0.0,0.0,1.0,0.0,0.0,0.0,1.0,1.0,0.0
-0.25493235849345375,-0.7760688007863252,-0.46508427634374117,-0.46618317148792077,-0.5563385795422586,-0.5490821079184883,-0.4939952725923573,0.0,1.0,0.0,0.0,1.0,0.0,0.0,1.0,0.0,0.0,0.0,0.0,0.0,0.0,0.0,0.0,0.0,0.0,1.0,1.0,0.0,0.0,0.0,0.0,0.0,0.0,1.0,0.0,0.0,0.0,1.0,1.0,0.0
-0.25493235849345375,-0.42502866129959677,0.4783345406270387,0.7277823612437324,0.7031624336026958,-0.5490821079184883,-0.6950201218423445,0.0,1.0,1.0,0.0,0.0,1.0,0.0,0.0,0.0,0.0,0.0,0.0,0.0,0.0,0.0,0.0,0.0,0.0,1.0,1.0,0.0,0.0,0.0,0.0,1.0,0.0,0.0,0.0,0.0,0.0,1.0,0.0,0.0
-1.0894991476480738,-0.8161107344824684,0.4783345406270387,0.7277823612437324,0.7031624336026958,-0.5490821079184883,-0.876006151636986,0.0,1.0,1.0,0.0,0.0,0.0,0.0,1.0,0.0,0.0,0.0,0.0,0.0,0.0,0.0,0.0,0.0,0.0,1.0,0.0,0.0,0.0,0.0,1.0,0.0,1.0,0.0,0.0,0.0,0.0,1.0,0.0,0.0
0.42789501445123534,0.0996045786554014,-0.46508427634374117,-0.46618317148792077,-0.5563385795422586,0.3517161889431792,0.7217442808893487,0.0,1.0,0.0,0.0,1.0,0.0,0.0,1.0,0.0,0.0,0.0,0.0,0.0,0.0,0.0,0.0,0.0,0.0,1.0,1.0,0.0,0.0,0.0,0.0,1.0,0.0,0.0,0.0,0.0,1.0,0.0,1.0,0.0
-0.25493235849345375,-0.7894844096635663,-0.46508427634374117,-0.46618317148792077,-0.5563385795422586,-0.5490821079184883,-0.5126208089270353,0.0,1.0,0.0,0.0,1.0,0.0,0.0,1.0,0.0,0.0,0.0,0.0,0.0,0.0,0.0,0.0,0.0,0.0,1.0,1.0,0.0,0.0,0.0,0.0,0.0,1.0,0.0,0.0,0.0,0.0,1.0,1.0,0.0
-0.40667177470338467,2.0341987979955096,-0.46508427634374117,-0.46618317148792077,-0.5563385795422586,0.3517161889431792,3.407634668339855,0.0,1.0,1.0,0.0,0.0,0.0,0.0,1.0,0.0,0.0,0.0,1.0,0.0,0.0,0.0,0.0,0.0,0.0,0.0,1.0,0.0,0.0,0.0,0.0,0.0,0.0,0.0,1.0,1.0,0.0,0.0,1.0,0.0
0.5037647225562008,0.7886790346227768,-0.46508427634374117,-0.46618317148792077,-0.5563385795422586,-0.5490821079184883,1.6784195562614432,0.0,1.0,1.0,0.0,0.0,0.0,0.0,1.0,0.0,0.0,1.0,0.0,0.0,0.0,0.0,0.0,0.0,0.0,0.0,1.0,0.0,0.0,0.0,0.0,0.0,0.0,0.0,1.0,1.0,0.0,0.0,1.0,0.0
-0.5584111909133156,-0.7894844096635663,-0.46508427634374117,-0.46618317148792077,-0.5563385795422586,-0.5490821079184883,-0.5126208089270353,1.0,0.0,0.0,0.0,1.0,0.0,1.0,0.0,0.0,0.0,0.0,0.0,0.0,0.0,0.0,0.0,0.0,0.0,1.0,1.0,0.0,0.0,0.0,0.0,0.0,1.0,0.0,0.0,0.0,0.0,1.0,1.0,0.0
1.565940636025717,2.0341987979955096,1.4217533575978185,-0.46618317148792077,0.7031624336026958,0.3517161889431792,0.4430678774295135,0.0,1.0,0.0,0.0,1.0,0.0,0.0,0.0,0.0,1.0,0.0,0.0,0.0,0.0,0.0,0.0,0.0,0.0,1.0,0.0,0.0,1.0,0.0,0.0,0.0,0.0,0.0,1.0,1.0,0.0,0.0,0.0,0.0
-0.25493235849345375,-0.790704010470588,-0.46508427634374117,-0.46618317148792077,-0.5563385795422586,-0.5490821079184883,-0.5143140395029151,0.0,1.0,0.0,1.0,0.0,0.0,0.0,1.0,0.0,0.0,0.0,0.0,0.0,0.0,0.0,0.0,0.0,0.0,1.0,1.0,0.0,0.0,0.0,0.0,0.0,1.0,0.0,0.0,0.0,0.0,1.0,1.0,0.0
1.2245269495533726,-0.816315627418048,-0.46508427634374117,-0.46618317148792077,-0.5563385795422586,-0.5490821079184883,-0.5498718815963912,0.0,1.0,1.0,0.0,0.0,0.0,0.0,1.0,0.0,0.0,0.0,0.0,0.0,0.0,0.0,0.0,0.0,0.0,1.0,0.0,0.0,1.0,0.0,0.0,0.0,1.0,0.0,0.0,0.0,0.0,1.0,1.0,0.0
0.2761555982413044,-0.7894844096635663,-0.46508427634374117,-0.46618317148792077,-0.5563385795422586,-0.5490821079184883,-0.5126208089270353,0.0,1.0,0.0,0.0,1.0,0.0,0.0,1.0,0.0,0.0,0.0,0.0,0.0,0.0,0.0,0.0,0.0,0.0,1.0,1.0,0.0,0.0,0.0,0.0,0.0,1.0,0.0,0.0,0.0,0.0,1.0,1.0,0.0
-0.7860203152282119,-0.7835912985640363,-0.46508427634374117,-0.46618317148792077,-0.5563385795422586,-0.5490821079184883,-0.5044391187843841,0.0,1.0,0.0,0.0,1.0,0.0,0.0,1.0,0.0,0.0,0.0,0.0,0.0,0.0,0.0,0.0,0.0,0.0,1.0,0.0,0.0,0.0,0.0,1.0,0.0,1.0,0.0,0.0,0.0,0.0,1.0,1.0,0.0
-0.8618900233331774,-0.5345878409959883,-0.46508427634374117,-0.46618317148792077,-0.5563385795422586,-0.5490821079184883,-0.1587356185681543,0.0,1.0,0.0,0.0,1.0,0.0,0.0,1.0,0.0,0.0,0.0,0.0,0.0,0.0,0.0,0.0,0.0,0.0,1.0,0.0,0.0,0.0,0.0,1.0,0.0,0.0,1.0,0.0,0.0,1.0,0.0,1.0,0.0
-1.0136294395431082,-0.790704010470588,-0.46508427634374117,-0.46618317148792077,-0.5563385795422586,-0.5490821079184883,-0.5143140395029151,1.0,0.0,0.0,1.0,0.0,0.0,1.0,0.0,0.0,0.0,0.0,0.0,0.0,0.0,0.0,0.0,0.0,0.0,1.0,0.0,0.0,0.0,0.0,1.0,0.0,1.0,0.0,0.0,0.0,0.0,1.0,1.0,0.0
0.8072435549760626,0.29474070777890593,-0.46508427634374117,-0.46618317148792077,-0.5563385795422586,-0.5490821079184883,0.9926611730301189,0.0,1.0,0.0,0.0,1.0,0.0,0.0,1.0,0.0,0.0,0.0,0.0,0.0,1.0,0.0,0.0,0.0,0.0,0.0,1.0,0.0,0.0,0.0,0.0,1.0,0.0,0.0,0.0,1.0,0.0,0.0,1.0,0.0
0.8072435549760626,0.2801054980946431,-0.46508427634374117,-0.46618317148792077,-0.5563385795422586,-0.5490821079184883,0.9723424061195611,0.0,1.0,1.0,0.0,0.0,0.0,0.0,1.0,0.0,0.0,0.0,0.0,1.0,0.0,0.0,0.0,0.0,0.0,0.0,1.0,0.0,0.0,0.0,0.0,1.0,0.0,0.0,0.0,1.0,0.0,0.0,1.0,0.0
1.4142012198157863,2.0341987979955096,0.4783345406270387,-0.46618317148792077,0.07341192703021858,1.2525144858048467,1.1842095751570987,0.0,1.0,1.0,0.0,0.0,0.0,0.0,1.0,0.0,0.0,0.0,0.0,0.0,1.0,0.0,0.0,0.0,0.0,0.0,0.0,0.0,1.0,0.0,0.0,0.0,0.0,0.0,1.0,1.0,0.0,0.0,0.0,0.0
-0.5584111909133156,-0.7835912985640363,-0.46508427634374117,-0.46618317148792077,-0.5563385795422586,-0.5490821079184883,-0.5044391187843841,0.0,1.0,0.0,0.0,1.0,0.0,0.0,1.0,0.0,0.0,0.0,0.0,0.0,0.0,0.0,0.0,0.0,0.0,1.0,1.0,0.0,0.0,0.0,0.0,0.0,1.0,0.0,0.0,0.0,0.0,1.0,1.0,0.0
-0.0273232341785574,0.29474070777890593,-0.46508427634374117,-0.46618317148792077,-0.5563385795422586,-0.5490821079184883,0.9926611730301189,0.0,1.0,0.0,0.0,1.0,0.0,0.0,1.0,0.0,0.0,0.0,0.0,0.0,1.0,0.0,0.0,0.0,0.0,0.0,1.0,0.0,0.0,0.0,0.0,1.0,0.0,0.0,0.0,1.0,0.0,0.0,1.0,0.0
0.8072435549760626,0.09594577623433571,-0.46508427634374117,-0.46618317148792077,-0.5563385795422586,-0.5490821079184883,0.7166645891617094,0.0,1.0,0.0,0.0,1.0,0.0,0.0,1.0,0.0,0.0,0.0,0.0,0.0,0.0,0.0,0.0,0.0,0.0,1.0,1.0,0.0,0.0,0.0,0.0,1.0,0.0,0.0,0.0,1.0,0.0,0.0,1.0,0.0
0.6555041387661317,2.0341987979955096,-0.46508427634374117,0.7277823612437324,0.07341192703021858,1.2525144858048467,1.1842095751570987,0.0,1.0,0.0,0.0,1.0,0.0,0.0,1.0,0.0,0.0,0.0,0.0,1.0,0.0,0.0,0.0,0.0,0.0,0.0,1.0,0.0,0.0,0.0,0.0,0.0,0.0,0.0,1.0,1.0,0.0,0.0,0.0,0.0
1.1107223873959244,-0.7760688007863252,-0.46508427634374117,-0.46618317148792077,-0.5563385795422586,-0.5490821079184883,-0.4939952725923573,0.0,1.0,0.0,0.0,1.0,0.0,0.0,1.0,0.0,0.0,0.0,0.0,0.0,0.0,0.0,0.0,0.0,0.0,1.0,0.0,0.0,1.0,0.0,0.0,0.0,0.0,1.0,0.0,0.0,0.0,1.0,1.0,0.0
-1.9999356449076593,-0.25407965538095056,0.4783345406270387,0.7277823612437324,0.7031624336026958,1.2525144858048467,-0.6159078740557039,0.0,1.0,0.0,0.0,1.0,1.0,0.0,0.0,0.0,0.0,0.0,0.0,0.0,0.0,0.0,0.0,0.0,0.0,1.0,0.0,1.0,0.0,0.0,0.0,1.0,0.0,0.0,0.0,0.0,1.0,0.0,0.0,1.0
-0.8618900233331774,2.0341987979955096,0.4783345406270387,-0.46618317148792077,0.07341192703021858,2.153312782666514,1.1842095751570987,1.0,0.0,1.0,0.0,0.0,0.0,0.0,0.0,1.0,0.0,0.0,0.0,1.0,0.0,0.0,0.0,0.0,0.0,0.0,0.0,0.0,0.0,0.0,1.0,0.0,0.0,0.0,1.0,1.0,0.0,0.0,0.0,0.0
-0.8618900233331774,2.0341987979955096,0.4783345406270387,-0.46618317148792077,0.07341192703021858,0.3517161889431792,1.1842095751570987,0.0,1.0,1.0,0.0,0.0,0.0,0.0,1.0,0.0,0.0,0.0,0.0,1.0,0.0,0.0,0.0,0.0,0.0,0.0,0.0,0.0,0.0,0.0,1.0,0.0,0.0,0.0,1.0,1.0,0.0,0.0,0.0,0.0
-0.25493235849345375,0.009354118935780474,0.4783345406270387,-0.46618317148792077,0.07341192703021858,1.2525144858048467,-0.22138514987570743,0.0,1.0,0.0,1.0,0.0,0.0,0.0,1.0,0.0,0.0,0.0,0.0,0.0,0.0,0.0,0.0,0.0,0.0,1.0,1.0,0.0,0.0,0.0,0.0,1.0,0.0,0.0,0.0,0.0,0.0,1.0,0.0,0.0
-2.075805353012625,-0.14065678032791362,2.3651721745685985,0.7277823612437324,1.9626634467476503,2.153312782666514,-0.7537368429323208,0.0,1.0,0.0,0.0,1.0,1.0,0.0,0.0,0.0,0.0,0.0,0.0,0.0,0.0,0.0,0.0,0.0,0.0,1.0,0.0,1.0,0.0,0.0,0.0,1.0,0.0,0.0,0.0,0.0,0.0,1.0,0.0,1.0
0.42789501445123534,2.0341987979955096,-0.46508427634374117,-0.46618317148792077,-0.5563385795422586,0.3517161889431792,3.407634668339855,0.0,1.0,1.0,0.0,0.0,0.0,0.0,1.0,0.0,0.0,0.0,1.0,0.0,0.0,0.0,0.0,0.0,0.0,0.0,1.0,0.0,0.0,0.0,0.0,0.0,0.0,0.0,1.0,1.0,0.0,0.0,1.0,0.0
3.026371214189201,-0.7894844096635663,-0.46508427634374117,-0.46618317148792077,-0.5563385795422586,-0.5490821079184883,-0.5126208089270353,0.0,1.0,0.0,0.0,1.0,0.0,0.0,1.0,0.0,0.0,0.0,0.0,0.0,0.0,0.0,0.0,0.0,0.0,1.0,0.0,0.0,0.0,1.0,0.0,0.0,1.0,0.0,0.0,0.0,0.0,1.0,1.0,0.0
0.1244161820313735,-0.5345878409959883,-0.46508427634374117,-0.46618317148792077,-0.5563385795422586,-0.5490821079184883,-0.1587356185681543,0.0,1.0,0.0,0.0,1.0,0.0,0.0,1.0,0.0,0.0,0.0,0.0,0.0,0.0,0.0,0.0,0.0,0.0,1.0,1.0,0.0,0.0,0.0,0.0,0.0,0.0,1.0,0.0,0.0,1.0,0.0,1.0,0.0
-0.06525808823104012,-0.3833573409252723,-0.46508427634374117,-0.46618317148792077,-0.5563385795422586,0.3517161889431792,0.05122497284094269,0.0,1.0,0.0,0.0,1.0,0.0,0.0,1.0,0.0,0.0,0.0,0.0,0.0,0.0,0.0,0.0,0.0,0.0,1.0,1.0,0.0,0.0,0.0,0.0,1.0,0.0,0.0,0.0,0.0,0.0,1.0,1.0,0.0
2.02115888465551,0.3286846374399395,-0.46508427634374117,-0.46618317148792077,-0.5563385795422586,-0.5490821079184883,1.0397871664180058,0.0,1.0,1.0,0.0,0.0,0.0,0.0,1.0,0.0,0.0,1.0,0.0,0.0,0.0,0.0,0.0,0.0,0.0,0.0,0.0,0.0,1.0,0.0,0.0,1.0,0.0,0.0,0.0,1.0,0.0,0.0,1.0,0.0
-0.25493235849345375,-0.7856207143069208,0.4783345406270387,-0.46618317148792077,0.07341192703021858,-0.5490821079184883,-0.7732360862441527,0.0,1.0,0.0,0.0,1.0,0.0,0.0,1.0,0.0,0.0,0.0,0.0,0.0,0.0,0.0,0.0,0.0,0.0,1.0,1.0,0.0,0.0,0.0,0.0,0.0,1.0,0.0,0.0,0.0,0.0,1.0,0.0,0.0
0.20028589013633896,-0.7856207143069208,-0.46508427634374117,-0.46618317148792077,-0.5563385795422586,-0.5490821079184883,-0.5072566544626481,0.0,1.0,0.0,0.0,1.0,0.0,0.0,1.0,0.0,0.0,0.0,0.0,0.0,0.0,0.0,0.0,0.0,0.0,1.0,1.0,0.0,0.0,0.0,0.0,0.0,1.0,0.0,0.0,0.0,0.0,1.0,1.0,0.0
-0.25493235849345375,-0.8161107344824684,-0.46508427634374117,-0.46618317148792077,-0.5563385795422586,-0.5490821079184883,-0.5495874188596434,0.0,1.0,1.0,0.0,0.0,0.0,0.0,1.0,0.0,0.0,0.0,0.0,0.0,0.0,0.0,0.0,0.0,0.0,1.0,1.0,0.0,0.0,0.0,0.0,0.0,1.0,0.0,0.0,0.0,0.0,1.0,1.0,0.0
0.8072435549760626,0.34352474005978206,-0.46508427634374117,-0.46618317148792077,-0.5563385795422586,-0.5490821079184883,1.0603903960653114,0.0,1.0,1.0,0.0,0.0,0.0,0.0,1.0,0.0,0.0,1.0,0.0,0.0,0.0,0.0,0.0,0.0,0.0,0.0,1.0,0.0,0.0,0.0,0.0,0.0,0.0,0.0,1.0,1.0,0.0,0.0,1.0,0.0
-0.17906265038848831,2.0341987979955096,-0.46508427634374117,-0.46618317148792077,-0.5563385795422586,1.2525144858048467,3.407634668339855,0.0,1.0,1.0,0.0,0.0,0.0,0.0,1.0,0.0,0.0,0.0,0.0,0.0,1.0,0.0,0.0,0.0,0.0,0.0,1.0,0.0,0.0,0.0,0.0,0.0,0.0,0.0,1.0,1.0,0.0,0.0,1.0,0.0
-0.25493235849345375,-0.41262776029379805,-0.46508427634374117,-0.46618317148792077,-0.5563385795422586,-0.5490821079184883,0.010587439019827068,0.0,1.0,0.0,1.0,0.0,0.0,0.0,1.0,0.0,0.0,0.0,0.0,0.0,0.0,0.0,0.0,0.0,0.0,1.0,1.0,0.0,0.0,0.0,0.0,1.0,0.0,0.0,0.0,0.0,0.0,1.0,1.0,0.0
0.6555041387661317,-0.7835912985640363,-0.46508427634374117,-0.46618317148792077,-0.5563385795422586,-0.5490821079184883,-0.5044391187843841,0.0,1.0,0.0,0.0,1.0,0.0,0.0,1.0,0.0,0.0,0.0,0.0,0.0,0.0,0.0,0.0,0.0,0.0,1.0,1.0,0.0,0.0,0.0,0.0,0.0,1.0,0.0,0.0,0.0,0.0,1.0,1.0,0.0
-2.15167506111759,0.7673360204998935,3.3085909915393783,0.7277823612437324,2.592413953320128,3.0541110795281816,-0.5912149281574566,0.0,1.0,0.0,0.0,1.0,1.0,0.0,0.0,0.0,0.0,0.0,0.0,0.0,0.0,0.0,0.0,0.0,0.0,1.0,0.0,1.0,0.0,0.0,0.0,0.0,0.0,0.0,1.0,0.0,0.0,1.0,0.0,1.0
0.048546473926408054,-1.168780260647378,-0.46508427634374117,-0.46618317148792077,-0.5563385795422586,-0.5490821079184883,-1.0392155180256573,0.0,1.0,0.0,0.0,1.0,0.0,0.0,1.0,0.0,0.0,0.0,0.0,0.0,0.0,0.0,0.0,0.0,0.0,1.0,1.0,0.0,0.0,0.0,0.0,0.0,1.0,0.0,0.0,0.0,1.0,0.0,1.0,0.0
-0.25493235849345375,-0.7917187183420303,-0.46508427634374117,-0.46618317148792077,-0.5563385795422586,-0.5490821079184883,-0.5157228073420471,0.0,1.0,0.0,1.0,0.0,0.0,0.0,1.0,0.0,0.0,0.0,0.0,0.0,0.0,0.0,0.0,0.0,0.0,1.0,1.0,0.0,0.0,0.0,0.0,0.0,1.0,0.0,0.0,0.0,0.0,1.0,1.0,0.0
-2.1767120647922287,-0.4614117925746742,0.4783345406270387,0.7277823612437324,0.7031624336026958,0.3517161889431792,-0.7118576066888933,0.0,1.0,0.0,0.0,1.0,1.0,0.0,0.0,0.0,0.0,0.0,0.0,0.0,0.0,0.0,0.0,0.0,0.0,1.0,0.0,1.0,0.0,0.0,0.0,1.0,0.0,0.0,0.0,0.0,1.0,0.0,0.0,1.0
-0.25493235849345375,-0.41262776029379805,0.4783345406270387,-0.46618317148792077,0.07341192703021858,-0.5490821079184883,-0.5143140395029151,0.0,1.0,0.0,1.0,0.0,0.0,0.0,1.0,0.0,0.0,0.0,0.0,0.0,0.0,0.0,0.0,0.0,0.0,1.0,1.0,0.0,0.0,0.0,0.0,1.0,0.0,0.0,0.0,0.0,0.0,1.0,0.0,0.0
-2.075805353012625,-0.5693464639961127,-0.46508427634374117,0.7277823612437324,0.07341192703021858,-0.5490821079184883,-0.6231041040031932,1.0,0.0,0.0,0.0,1.0,0.0,1.0,0.0,0.0,0.0,0.0,0.0,0.0,0.0,0.0,0.0,0.0,0.0,1.0,0.0,1.0,0.0,0.0,0.0,0.0,0.0,1.0,0.0,0.0,0.0,1.0,0.0,1.0
-0.8618900233331774,-0.6886624501486794,-0.46508427634374117,-0.46618317148792077,-0.5563385795422586,-0.5490821079184883,-0.3726448236802029,1.0,0.0,0.0,0.0,1.0,0.0,1.0,0.0,0.0,0.0,0.0,0.0,0.0,0.0,0.0,0.0,0.0,0.0,1.0,0.0,0.0,0.0,0.0,1.0,0.0,0.0,1.0,0.0,0.0,0.0,1.0,1.0,0.0
1.6418103441306826,2.0341987979955096,0.4783345406270387,-0.46618317148792077,0.07341192703021858,0.3517161889431792,1.1842095751570987,1.0,0.0,0.0,0.0,1.0,0.0,0.0,0.0,1.0,0.0,0.0,0.0,0.0,1.0,0.0,0.0,0.0,0.0,0.0,0.0,0.0,1.0,0.0,0.0,0.0,0.0,0.0,1.0,1.0,0.0,0.0,0.0,0.0
-0.0273232341785574,0.18355214140433307,0.4783345406270387,-0.46618317148792077,0.07341192703021858,-0.5490821079184883,-0.1004613950686746,0.0,1.0,1.0,0.0,0.0,0.0,0.0,1.0,0.0,0.0,0.0,0.0,0.0,0.0,0.0,0.0,0.0,0.0,1.0,1.0,0.0,0.0,0.0,0.0,1.0,0.0,0.0,0.0,0.0,1.0,0.0,0.0,0.0
1.4900709279207516,-1.168780260647378,-0.46508427634374117,-0.46618317148792077,-0.5563385795422586,1.2525144858048467,-1.0392155180256573,0.0,1.0,0.0,0.0,1.0,0.0,0.0,1.0,0.0,0.0,0.0,0.0,0.0,0.0,0.0,0.0,0.0,0.0,1.0,0.0,0.0,1.0,0.0,0.0,0.0,1.0,0.0,0.0,0.0,0.0,1.0,1.0,0.0
-0.40667177470338467,-0.7053319539790548,-0.46508427634374117,-0.46618317148792077,-0.5563385795422586,-0.5490821079184883,-0.3957878991913282,0.0,1.0,0.0,0.0,1.0,0.0,0.0,1.0,0.0,0.0,0.0,0.0,0.0,0.0,0.0,0.0,0.0,0.0,1.0,1.0,0.0,0.0,0.0,0.0,0.0,0.0,1.0,0.0,0.0,0.0,1.0,1.0,0.0
0.1244161820313735,-0.1674879980823955,0.4783345406270387,0.7277823612437324,0.7031624336026958,0.3517161889431792,-0.5758347504265483,1.0,0.0,0.0,0.0,1.0,0.0,0.0,0.0,1.0,0.0,0.0,0.0,0.0,0.0,0.0,0.0,0.0,0.0,1.0,1.0,0.0,0.0,0.0,0.0,1.0,0.0,0.0,0.0,0.0,0.0,1.0,0.0,0.0
1.18659209550089,-0.790704010470588,-0.46508427634374117,-0.46618317148792077,-0.5563385795422586,-0.5490821079184883,-0.5143140395029151,1.0,0.0,0.0,0.0,1.0,0.0,1.0,0.0,0.0,0.0,0.0,0.0,0.0,0.0,0.0,0.0,0.0,0.0,1.0,0.0,0.0,1.0,0.0,0.0,0.0,1.0,0.0,0.0,0.0,0.0,1.0,1.0,0.0
0.20028589013633896,-0.7821668048214347,-0.46508427634374117,-0.46618317148792077,-0.5563385795422586,-0.5490821079184883,-0.5024614254717564,0.0,1.0,0.0,0.0,1.0,0.0,0.0,1.0,0.0,0.0,0.0,0.0,0.0,0.0,0.0,0.0,0.0,0.0,1.0,1.0,0.0,0.0,0.0,0.0,0.0,0.0,1.0,0.0,0.0,0.0,1.0,1.0,0.0
-0.8618900233331774,-0.46364610125313827,-0.46508427634374117,0.7277823612437324,0.07341192703021858,0.3517161889431792,-0.5497296502280173,1.0,0.0,1.0,0.0,0.0,0.0,1.0,0.0,0.0,0.0,0.0,0.0,0.0,0.0,0.0,0.0,0.0,0.0,1.0,0.0,0.0,0.0,0.0,1.0,0.0,0.0,1.0,0.0,0.0,0.0,1.0,0.0,0.0
1.1107223873959244,0.0996045786554014,0.4783345406270387,-0.46618317148792077,0.07341192703021858,0.3517161889431792,-0.1587356185681543,1.0,0.0,0.0,0.0,1.0,0.0,0.0,0.0,1.0,0.0,0.0,0.0,0.0,0.0,0.0,0.0,0.0,0.0,1.0,0.0,0.0,1.0,0.0,0.0,1.0,0.0,0.0,0.0,0.0,1.0,0.0,0.0,0.0
1.3383315117108208,1.3950255286482425,0.4783345406270387,0.7277823612437324,0.7031624336026958,0.3517161889431792,0.14726952638638124,1.0,0.0,0.0,0.0,1.0,0.0,0.0,0.0,1.0,0.0,0.0,0.0,0.0,1.0,0.0,0.0,0.0,0.0,0.0,0.0,0.0,1.0,0.0,0.0,0.0,0.0,0.0,1.0,1.0,0.0,0.0,0.0,0.0
0.5416995766086835,0.0996045786554014,-0.46508427634374117,1.9217478939753856,0.7031624336026958,1.2525144858048467,-0.452228918387322,0.0,1.0,0.0,0.0,1.0,0.0,0.0,1.0,0.0,0.0,0.0,0.0,0.0,0.0,0.0,1.0,0.0,0.0,0.0,1.0,0.0,0.0,0.0,0.0,1.0,0.0,0.0,0.0,0.0,1.0,0.0,0.0,0.0
0.048546473926408054,-0.5345878409959883,-0.46508427634374117,-0.46618317148792077,-0.5563385795422586,-0.5490821079184883,-0.1587356185681543,0.0,1.0,0.0,0.0,1.0,0.0,0.0,1.0,0.0,0.0,0.0,0.0,0.0,0.0,0.0,0.0,0.0,0.0,1.0,1.0,0.0,0.0,0.0,0.0,0.0,0.0,1.0,0.0,0.0,1.0,0.0,1.0,0.0
-0.17906265038848831,-0.6565479216981787,-0.46508427634374117,-0.46618317148792077,-0.5563385795422586,-0.5490821079184883,-0.32805867615613565,1.0,0.0,0.0,0.0,1.0,0.0,1.0,0.0,0.0,0.0,0.0,0.0,0.0,0.0,1.0,0.0,0.0,0.0,0.0,1.0,0.0,0.0,0.0,0.0,0.0,0.0,1.0,0.0,0.0,1.0,0.0,1.0,0.0
-0.0273232341785574,-0.7053319539790548,-0.46508427634374117,-0.46618317148792077,-0.5563385795422586,-0.5490821079184883,-0.3957878991913282,0.0,1.0,0.0,0.0,1.0,0.0,0.0,1.0,0.0,0.0,0.0,0.0,0.0,0.0,0.0,0.0,0.0,0.0,1.0,1.0,0.0,0.0,0.0,0.0,0.0,0.0,1.0,0.0,0.0,0.0,1.0,1.0,0.0
3.026371214189201,1.24623423019157,-0.46508427634374117,-0.46618317148792077,-0.5563385795422586,-0.5490821079184883,2.313665484953121,0.0,1.0,1.0,0.0,0.0,0.0,0.0,1.0,0.0,0.0,0.0,0.0,0.0,0.0,0.0,0.0,0.0,0.0,1.0,0.0,0.0,0.0,1.0,0.0,0.0,0.0,0.0,1.0,1.0,0.0,0.0,1.0,0.0
1.7176800522356481,2.0341987979955096,0.4783345406270387,0.7277823612437324,0.7031624336026958,0.3517161889431792,0.4430678774295135,1.0,0.0,0.0,0.0,1.0,0.0,0.0,0.0,1.0,0.0,0.0,1.0,0.0,0.0,0.0,0.0,0.0,0.0,0.0,0.0,0.0,1.0,0.0,0.0,0.0,0.0,0.0,1.0,1.0,0.0,0.0,0.0,0.0
1.034852679290959,1.1191908533257127,0.4783345406270387,6.697610024901998,3.851914966465082,2.153312782666514,-0.6421529479818411,1.0,0.0,0.0,0.0,1.0,0.0,0.0,0.0,1.0,0.0,0.0,0.0,0.0,0.0,0.0,0.0,0.0,0.0,1.0,0.0,0.0,1.0,0.0,0.0,0.0,0.0,0.0,1.0,0.0,0.0,1.0,0.0,0.0
-0.5584111909133156,-0.7835912985640363,-0.46508427634374117,-0.46618317148792077,-0.5563385795422586,-0.5490821079184883,-0.5044391187843841,0.0,1.0,0.0,0.0,1.0,0.0,0.0,1.0,0.0,0.0,0.0,0.0,0.0,0.0,0.0,0.0,0.0,0.0,1.0,1.0,0.0,0.0,0.0,0.0,0.0,1.0,0.0,0.0,0.0,0.0,1.0,1.0,0.0
-0.5963460449657983,-0.03455151011700798,1.4217533575978185,-0.46618317148792077,0.7031624336026958,0.3517161889431792,-0.5143140395029151,1.0,0.0,0.0,1.0,0.0,0.0,1.0,0.0,0.0,0.0,0.0,0.0,0.0,0.0,0.0,0.0,0.0,0.0,1.0,1.0,0.0,0.0,0.0,0.0,1.0,0.0,0.0,0.0,0.0,0.0,1.0,0.0,0.0
0.42789501445123534,1.5143415148008093,-0.46508427634374117,0.7277823612437324,0.07341192703021858,0.3517161889431792,0.8233381154421375,1.0,0.0,0.0,0.0,1.0,0.0,0.0,0.0,1.0,0.0,0.0,0.0,0.0,0.0,1.0,0.0,0.0,0.0,0.0,1.0,0.0,0.0,0.0,0.0,0.0,0.0,0.0,1.0,1.0,0.0,0.0,0.0,0.0
-0.25493235849345375,-0.7835912985640363,-0.46508427634374117,-0.46618317148792077,-0.5563385795422586,-0.5490821079184883,-0.5044391187843841,0.0,1.0,0.0,0.0,1.0,0.0,0.0,1.0,0.0,0.0,0.0,0.0,0.0,0.0,0.0,0.0,0.0,0.0,1.0,1.0,0.0,0.0,0.0,0.0,0.0,1.0,0.0,0.0,0.0,0.0,1.0,1.0,0.0
-0.3308020665984192,-0.7821668048214347,0.4783345406270387,-0.46618317148792077,0.07341192703021858,-0.5490821079184883,-0.7708384717487069,1.0,0.0,0.0,0.0,1.0,0.0,1.0,0.0,0.0,0.0,0.0,0.0,0.0,0.0,0.0,0.0,0.0,0.0,1.0,1.0,0.0,0.0,0.0,0.0,0.0,0.0,1.0,0.0,0.0,0.0,1.0,0.0,0.0
0.8072435549760626,-1.168780260647378,-0.46508427634374117,-0.46618317148792077,-0.5563385795422586,-0.5490821079184883,-1.0392155180256573,0.0,1.0,0.0,0.0,1.0,0.0,0.0,1.0,0.0,0.0,0.0,1.0,0.0,0.0,0.0,0.0,0.0,0.0,0.0,1.0,0.0,0.0,0.0,0.0,0.0,1.0,0.0,0.0,1.0,0.0,0.0,1.0,0.0
0.1244161820313735,2.0341987979955096,-0.46508427634374117,1.9217478939753856,0.7031624336026958,0.3517161889431792,0.4430678774295135,1.0,0.0,0.0,0.0,1.0,0.0,1.0,0.0,0.0,0.0,0.0,0.0,1.0,0.0,0.0,0.0,0.0,0.0,0.0,1.0,0.0,0.0,0.0,0.0,0.0,0.0,0.0,1.0,1.0,0.0,0.0,0.0,0.0
1.18659209550089,-0.7760688007863252,-0.46508427634374117,-0.46618317148792077,-0.5563385795422586,-0.5490821079184883,-0.4939952725923573,0.0,1.0,0.0,0.0,1.0,0.0,0.0,1.0,0.0,0.0,0.0,0.0,0.0,0.0,0.0,0.0,0.0,0.0,1.0,0.0,0.0,1.0,0.0,0.0,0.0,0.0,1.0,0.0,0.0,0.0,1.0,1.0,0.0
-0.5584111909133156,-0.8150960266110261,-0.46508427634374117,-0.46618317148792077,-0.5563385795422586,-0.5490821079184883,-0.5481786510205114,0.0,1.0,0.0,0.0,1.0,0.0,0.0,1.0,0.0,0.0,0.0,0.0,0.0,0.0,0.0,0.0,0.0,0.0,1.0,1.0,0.0,0.0,0.0,0.0,0.0,1.0,0.0,0.0,0.0,0.0,1.0,1.0,0.0
1.4900709279207516,2.0341987979955096,0.4783345406270387,-0.46618317148792077,0.07341192703021858,1.2525144858048467,1.1842095751570987,1.0,0.0,1.0,0.0,0.0,0.0,0.0,0.0,1.0,0.0,0.0,0.0,0.0,1.0,0.0,0.0,0.0,0.0,0.0,0.0,0.0,1.0,0.0,0.0,0.0,0.0,0.0,1.0,1.0,0.0,0.0,0.0,0.0
-0.5584111909133156,0.8596207743656269,0.4783345406270387,1.9217478939753856,1.3329129401751731,0.3517161889431792,-0.3351837904194379,1.0,0.0,1.0,0.0,0.0,0.0,0.0,0.0,1.0,0.0,0.0,0.0,0.0,0.0,0.0,0.0,0.0,0.0,1.0,1.0,0.0,0.0,0.0,0.0,0.0,0.0,0.0,1.0,0.0,1.0,0.0,0.0,0.0
-1.9240659368026938,-0.09431194966108132,-0.46508427634374117,1.9217478939753856,0.7031624336026958,-0.5490821079184883,-0.5419701389089521,1.0,0.0,0.0,0.0,1.0,0.0,1.0,0.0,0.0,0.0,0.0,0.0,0.0,0.0,0.0,0.0,0.0,0.0,1.0,0.0,1.0,0.0,0.0,0.0,1.0,0.0,0.0,0.0,0.0,0.0,1.0,0.0,1.0
-0.0273232341785574,-0.42502866129959677,-0.46508427634374117,1.9217478939753856,0.7031624336026958,-0.5490821079184883,-0.6950201218423445,1.0,0.0,1.0,0.0,0.0,0.0,0.0,0.0,1.0,0.0,0.0,0.0,0.0,0.0,0.0,0.0,0.0,0.0,1.0,1.0,0.0,0.0,0.0,0.0,1.0,0.0,0.0,0.0,0.0,0.0,1.0,0.0,0.0
0.3520253063462699,-0.5345878409959883,-0.46508427634374117,-0.46618317148792077,-0.5563385795422586,-0.5490821079184883,-0.1587356185681543,0.0,1.0,0.0,0.0,1.0,0.0,0.0,1.0,0.0,0.0,0.0,0.0,0.0,0.0,0.0,0.0,0.0,0.0,1.0,1.0,0.0,0.0,0.0,0.0,0.0,0.0,1.0,0.0,0.0,1.0,0.0,1.0,0.0
1.4142012198157863,0.09615066916991544,-0.46508427634374117,-0.46618317148792077,-0.5563385795422586,-0.5490821079184883,0.7169490518984573,1.0,0.0,0.0,0.0,1.0,0.0,0.0,0.0,1.0,0.0,0.0,0.0,0.0,1.0,0.0,0.0,0.0,0.0,0.0,0.0,0.0,1.0,0.0,0.0,1.0,0.0,0.0,0.0,1.0,0.0,0.0,1.0,0.0
-0.17906265038848831,-0.1443155827489793,0.4783345406270387,-0.46618317148792077,0.07341192703021858,0.3517161889431792,-0.32805867615613565,1.0,0.0,0.0,0.0,1.0,0.0,0.0,0.0,1.0,0.0,0.0,0.0,0.0,0.0,0.0,0.0,0.0,0.0,1.0,1.0,0.0,0.0,0.0,0.0,1.0,0.0,0.0,0.0,0.0,1.0,0.0,0.0,0.0
1.869419468445579,1.7289912568366643,0.4783345406270387,-0.46618317148792077,0.07341192703021858,-0.5490821079184883,0.9723424061195611,1.0,0.0,1.0,0.0,0.0,0.0,0.0,0.0,1.0,0.0,0.0,0.0,0.0,0.0,0.0,0.0,0.0,0.0,1.0,0.0,0.0,1.0,0.0,0.0,0.0,0.0,0.0,1.0,1.0,0.0,0.0,0.0,0.0
0.048546473926408054,-0.49251161315373265,-0.46508427634374117,-0.46618317148792077,-0.5563385795422586,-0.5490821079184883,-0.10031916370030067,0.0,1.0,1.0,0.0,0.0,0.0,0.0,1.0,0.0,0.0,0.0,0.0,0.0,0.0,0.0,0.0,0.0,0.0,1.0,1.0,0.0,0.0,0.0,0.0,0.0,0.0,1.0,0.0,0.0,1.0,0.0,1.0,0.0
-0.7860203152282119,0.0996045786554014,0.4783345406270387,-0.46618317148792077,0.07341192703021858,0.3517161889431792,-0.1587356185681543,1.0,0.0,0.0,0.0,1.0,0.0,0.0,0.0,1.0,0.0,0.0,0.0,0.0,0.0,0.0,0.0,0.0,0.0,1.0,0.0,0.0,0.0,0.0,1.0,1.0,0.0,0.0,0.0,0.0,1.0,0.0,0.0,0.0
-0.5584111909133156,2.0341987979955096,0.4783345406270387,-0.46618317148792077,0.07341192703021858,-0.5490821079184883,1.1842095751570987,1.0,0.0,0.0,0.0,1.0,0.0,0.0,0.0,1.0,0.0,0.0,0.0,1.0,0.0,0.0,0.0,0.0,0.0,0.0,1.0,0.0,0.0,0.0,0.0,0.0,0.0,0.0,1.0,1.0,0.0,0.0,0.0,0.0
1.2245269495533726,0.22156465935759173,-0.46508427634374117,-0.46618317148792077,-0.5563385795422586,-0.5490821079184883,0.8910673384773301,0.0,1.0,0.0,0.0,1.0,0.0,0.0,1.0,0.0,0.0,0.0,0.0,1.0,0.0,0.0,0.0,0.0,0.0,0.0,0.0,0.0,1.0,0.0,0.0,1.0,0.0,0.0,0.0,1.0,0.0,0.0,1.0,0.0
0.8072435549760626,0.18355214140433307,-0.46508427634374117,-0.46618317148792077,-0.5563385795422586,-0.5490821079184883,0.8382927278883081,0.0,1.0,1.0,0.0,0.0,0.0,0.0,1.0,0.0,0.0,0.0,0.0,0.0,0.0,0.0,0.0,0.0,0.0,1.0,1.0,0.0,0.0,0.0,0.0,1.0,0.0,0.0,0.0,1.0,0.0,0.0,1.0,0.0
-0.48254148280835013,-0.7856207143069208,-0.46508427634374117,-0.46618317148792077,-0.5563385795422586,-0.5490821079184883,-0.5072566544626481,0.0,1.0,0.0,0.0,1.0,0.0,0.0,1.0,0.0,0.0,0.0,0.0,0.0,0.0,0.0,0.0,0.0,0.0,1.0,1.0,0.0,0.0,0.0,0.0,0.0,1.0,0.0,0.0,0.0,0.0,1.0,1.0,0.0
0.048546473926408054,-0.7760688007863252,-0.46508427634374117,-0.46618317148792077,-0.5563385795422586,-0.5490821079184883,-0.4939952725923573,0.0,1.0,0.0,0.0,1.0,0.0,0.0,1.0,0.0,0.0,0.0,0.0,0.0,0.0,0.0,0.0,0.0,0.0,1.0,1.0,0.0,0.0,0.0,0.0,0.0,0.0,1.0,0.0,0.0,0.0,1.0,1.0,0.0
-0.25493235849345375,-0.8161107344824684,-0.46508427634374117,-0.46618317148792077,-0.5563385795422586,-0.5490821079184883,-0.5495874188596434,0.0,1.0,1.0,0.0,0.0,0.0,0.0,1.0,0.0,0.0,0.0,0.0,0.0,0.0,0.0,0.0,0.0,0.0,1.0,1.0,0.0,0.0,0.0,0.0,0.0,1.0,0.0,0.0,0.0,0.0,1.0,1.0,0.0
0.3520253063462699,-0.1443155827489793,0.4783345406270387,-0.46618317148792077,0.07341192703021858,-0.5490821079184883,-0.32805867615613565,0.0,1.0,0.0,0.0,1.0,0.0,0.0,1.0,0.0,0.0,0.0,0.0,0.0,0.0,0.0,0.0,0.0,0.0,1.0,1.0,0.0,0.0,0.0,0.0,1.0,0.0,0.0,0.0,0.0,1.0,0.0,0.0,0.0
0.1244161820313735,-0.7821668048214347,-0.46508427634374117,-0.46618317148792077,-0.5563385795422586,-0.5490821079184883,-0.5024614254717564,0.0,1.0,0.0,0.0,1.0,0.0,0.0,1.0,0.0,0.0,0.0,0.0,0.0,0.0,0.0,0.0,0.0,0.0,1.0,1.0,0.0,0.0,0.0,0.0,0.0,0.0,1.0,0.0,0.0,0.0,1.0,1.0,0.0
-0.25493235849345375,2.0341987979955096,7.082266259422497,1.9217478939753856,5.741166486182514,3.0541110795281816,-0.6349564101742471,0.0,1.0,0.0,0.0,1.0,0.0,0.0,1.0,0.0,0.0,0.0,0.0,0.0,0.0,0.0,0.0,0.0,0.0,1.0,1.0,0.0,0.0,0.0,0.0,0.0,0.0,0.0,1.0,0.0,0.0,1.0,0.0,0.0
0.8072435549760626,0.19229423998906597,0.4783345406270387,4.309678959438692,2.592413953320128,3.0541110795281816,-0.7242746309120119,0.0,1.0,0.0,0.0,1.0,0.0,0.0,1.0,0.0,0.0,0.0,0.0,0.0,0.0,0.0,0.0,0.0,0.0,1.0,1.0,0.0,0.0,0.0,0.0,1.0,0.0,0.0,0.0,0.0,0.0,1.0,0.0,0.0
-0.5963460449657983,-0.790704010470588,-0.46508427634374117,-0.46618317148792077,-0.5563385795422586,-0.5490821079184883,-0.5143140395029151,1.0,0.0,0.0,1.0,0.0,0.0,1.0,0.0,0.0,0.0,0.0,0.0,0.0,0.0,0.0,0.0,0.0,0.0,1.0,1.0,0.0,0.0,0.0,0.0,0.0,1.0,0.0,0.0,0.0,0.0,1.0,1.0,0.0
0.20028589013633896,-0.6565479216981787,-0.46508427634374117,-0.46618317148792077,-0.5563385795422586,-0.5490821079184883,-0.32805867615613565,0.0,1.0,0.0,0.0,1.0,0.0,0.0,1.0,0.0,0.0,0.0,0.0,0.0,0.0,0.0,0.0,0.0,0.0,1.0,1.0,0.0,0.0,0.0,0.0,0.0,0.0,1.0,0.0,0.0,1.0,0.0,1.0,0.0
-0.7101506071232465,-0.7187475628562958,-0.46508427634374117,-0.46618317148792077,-0.5563385795422586,-0.5490821079184883,-0.4144134355260061,0.0,1.0,0.0,0.0,1.0,0.0,0.0,1.0,0.0,0.0,0.0,0.0,0.0,0.0,0.0,0.0,0.0,0.0,1.0,0.0,0.0,0.0,0.0,1.0,0.0,0.0,1.0,0.0,0.0,0.0,1.0,1.0,0.0
-0.17906265038848831,2.0341987979955096,-0.46508427634374117,1.9217478939753856,0.7031624336026958,-0.5490821079184883,0.4430678774295135,0.0,1.0,1.0,0.0,0.0,0.0,0.0,1.0,0.0,0.0,0.0,0.0,1.0,0.0,0.0,0.0,0.0,0.0,0.0,1.0,0.0,0.0,0.0,0.0,0.0,0.0,0.0,1.0,1.0,0.0,0.0,0.0,0.0
0.2382207441888217,-0.5345878409959883,-0.46508427634374117,-0.46618317148792077,-0.5563385795422586,-0.5490821079184883,-0.1587356185681543,1.0,0.0,0.0,0.0,1.0,0.0,1.0,0.0,0.0,0.0,0.0,0.0,0.0,0.0,1.0,0.0,0.0,0.0,0.0,1.0,0.0,0.0,0.0,0.0,0.0,0.0,1.0,0.0,0.0,1.0,0.0,1.0,0.0
1.1107223873959244,0.18355214140433307,-0.46508427634374117,-0.46618317148792077,-0.5563385795422586,-0.5490821079184883,0.8382927278883081,1.0,0.0,1.0,0.0,0.0,0.0,0.0,0.0,1.0,0.0,0.0,1.0,0.0,0.0,0.0,0.0,0.0,0.0,0.0,0.0,0.0,1.0,0.0,0.0,1.0,0.0,0.0,0.0,1.0,0.0,0.0,1.0,0.0
-0.48254148280835013,-0.434785467755772,-0.46508427634374117,-0.46618317148792077,-0.5563385795422586,-0.5490821079184883,-0.020175174082757395,0.0,1.0,1.0,0.0,0.0,0.0,0.0,1.0,0.0,0.0,0.0,0.0,0.0,0.0,0.0,0.0,0.0,0.0,1.0,1.0,0.0,0.0,0.0,0.0,1.0,0.0,0.0,0.0,0.0,1.0,0.0,1.0,0.0
0.3520253063462699,-0.46629019580276176,0.4783345406270387,0.7277823612437324,0.7031624336026958,0.3517161889431792,-0.7141152474567332,0.0,1.0,0.0,0.0,1.0,0.0,0.0,1.0,0.0,0.0,0.0,0.0,0.0,0.0,0.0,0.0,0.0,0.0,1.0,1.0,0.0,0.0,0.0,0.0,0.0,0.0,1.0,0.0,0.0,0.0,1.0,0.0,0.0
0.20028589013633896,0.0996045786554014,0.4783345406270387,-0.46618317148792077,0.07341192703021858,0.3517161889431792,-0.1587356185681543,0.0,1.0,0.0,0.0,1.0,0.0,0.0,1.0,0.0,0.0,0.0,0.0,0.0,0.0,0.0,0.0,0.0,0.0,1.0,1.0,0.0,0.0,0.0,0.0,1.0,0.0,0.0,0.0,0.0,1.0,0.0,0.0,0.0
-1.9240659368026938,2.0341987979955096,-0.46508427634374117,1.9217478939753856,0.7031624336026958,-0.5490821079184883,0.4430678774295135,0.0,1.0,0.0,0.0,1.0,1.0,0.0,0.0,0.0,0.0,1.0,0.0,0.0,0.0,0.0,0.0,0.0,0.0,0.0,0.0,1.0,0.0,0.0,0.0,0.0,0.0,0.0,1.0,1.0,0.0,0.0,0.0,1.0
-2.075805353012625,0.3569403489370229,3.3085909915393783,1.9217478939753856,3.222164459892605,3.9549093763898493,-0.7366110251077077,1.0,0.0,0.0,0.0,1.0,0.0,1.0,0.0,0.0,0.0,0.0,0.0,0.0,0.0,0.0,0.0,0.0,0.0,1.0,0.0,1.0,0.0,0.0,0.0,0.0,0.0,0.0,1.0,0.0,0.0,1.0,0.0,1.0
0.048546473926408054,-1.168780260647378,-0.46508427634374117,-0.46618317148792077,-0.5563385795422586,1.2525144858048467,-1.0392155180256573,0.0,1.0,0.0,0.0,1.0,0.0,0.0,1.0,0.0,0.0,0.0,0.0,0.0,0.0,0.0,0.0,0.0,0.0,1.0,1.0,0.0,0.0,0.0,0.0,0.0,1.0,0.0,0.0,0.0,1.0,0.0,1.0,0.0
-0.3308020665984192,-0.5345878409959883,-0.46508427634374117,-0.46618317148792077,-0.5563385795422586,-0.5490821079184883,-0.1587356185681543,0.0,1.0,0.0,0.0,1.0,0.0,0.0,1.0,0.0,0.0,0.0,0.0,0.0,0.0,0.0,0.0,0.0,0.0,1.0,1.0,0.0,0.0,0.0,0.0,0.0,0.0,1.0,0.0,0.0,1.0,0.0,1.0,0.0
-0.40667177470338467,-0.7760688007863252,-0.46508427634374117,-0.46618317148792077,-0.5563385795422586,-0.5490821079184883,-0.4939952725923573,0.0,1.0,0.0,0.0,1.0,0.0,0.0,1.0,0.0,0.0,0.0,0.0,0.0,0.0,0.0,0.0,0.0,0.0,1.0,1.0,0.0,0.0,0.0,0.0,0.0,0.0,1.0,0.0,0.0,0.0,1.0,1.0,0.0
-0.634280899018281,-0.7461885810142886,-0.46508427634374117,-0.46618317148792077,-0.5563385795422586,-0.5490821079184883,-0.45251112348330197,0.0,1.0,0.0,0.0,1.0,0.0,0.0,1.0,0.0,0.0,0.0,0.0,0.0,0.0,0.0,0.0,0.0,0.0,1.0,1.0,0.0,0.0,0.0,0.0,0.0,0.0,1.0,0.0,0.0,0.0,1.0,1.0,0.0
0.1244161820313735,-0.6565479216981787,-0.46508427634374117,-0.46618317148792077,-0.5563385795422586,-0.5490821079184883,-0.32805867615613565,0.0,1.0,0.0,0.0,1.0,0.0,0.0,1.0,0.0,0.0,0.0,0.0,0.0,0.0,0.0,0.0,0.0,0.0,1.0,1.0,0.0,0.0,0.0,0.0,0.0,0.0,1.0,0.0,0.0,1.0,0.0,1.0,0.0
1.869419468445579,-0.48580380871511225,-0.46508427634374117,-0.46618317148792077,-0.5563385795422586,-0.5490821079184883,-0.09100639553296175,0.0,1.0,0.0,0.0,1.0,0.0,0.0,0.0,0.0,1.0,0.0,0.0,0.0,0.0,0.0,0.0,0.0,0.0,1.0,0.0,0.0,1.0,0.0,0.0,0.0,0.0,1.0,0.0,0.0,1.0,0.0,1.0,0.0
0.2761555982413044,-0.3955533489954914,2.3651721745685985,-0.46618317148792077,1.3329129401751731,0.3517161889431792,-0.7708384717487069,1.0,0.0,0.0,0.0,1.0,0.0,0.0,0.0,1.0,0.0,0.0,0.0,0.0,0.0,0.0,0.0,0.0,0.0,1.0,1.0,0.0,0.0,0.0,0.0,1.0,0.0,0.0,0.0,0.0,0.0,1.0,0.0,0.0
-0.48254148280835013,-0.5345878409959883,-0.46508427634374117,-0.46618317148792077,-0.5563385795422586,-0.5490821079184883,-0.1587356185681543,0.0,1.0,0.0,0.0,1.0,0.0,0.0,1.0,0.0,0.0,0.0,0.0,0.0,0.0,0.0,0.0,0.0,0.0,1.0,1.0,0.0,0.0,0.0,0.0,0.0,0.0,1.0,0.0,0.0,1.0,0.0,1.0,0.0
-0.7860203152282119,0.6240329256748198,0.4783345406270387,0.7277823612437324,0.7031624336026958,-0.5490821079184883,-0.2095325358445487,0.0,1.0,0.0,0.0,1.0,0.0,0.0,1.0,0.0,0.0,0.0,0.0,0.0,0.0,0.0,0.0,0.0,0.0,1.0,0.0,0.0,0.0,0.0,1.0,0.0,0.0,0.0,1.0,0.0,1.0,0.0,0.0,0.0
2.703986257600199,-0.790704010470588,-0.46508427634374117,-0.46618317148792077,-0.5563385795422586,-0.5490821079184883,-0.5143140395029151,0.0,1.0,0.0,1.0,0.0,0.0,0.0,1.0,0.0,0.0,0.0,0.0,0.0,0.0,0.0,0.0,0.0,0.0,1.0,0.0,0.0,0.0,1.0,0.0,0.0,1.0,0.0,0.0,0.0,0.0,1.0,1.0,0.0
-0.25493235849345375,-0.19472412330480862,0.4783345406270387,-0.46618317148792077,0.07341192703021858,-0.5490821079184883,-0.36305097923726787,0.0,1.0,0.0,0.0,1.0,0.0,0.0,1.0,0.0,0.0,0.0,0.0,0.0,0.0,0.0,0.0,0.0,0.0,1.0,1.0,0.0,0.0,0.0,0.0,1.0,0.0,0.0,0.0,0.0,0.0,1.0,0.0,0.0
0.9589829711859935,-0.5345878409959883,-0.46508427634374117,-0.46618317148792077,-0.5563385795422586,-0.5490821079184883,-0.1587356185681543,1.0,0.0,0.0,0.0,1.0,0.0,0.0,0.0,1.0,0.0,0.0,0.0,0.0,0.0,0.0,0.0,0.0,0.0,1.0,0.0,0.0,1.0,0.0,0.0,0.0,0.0,1.0,0.0,0.0,1.0,0.0,1.0,0.0
-0.8618900233331774,-0.6077638894173025,-0.46508427634374117,-0.46618317148792077,-0.5563385795422586,-0.5490821079184883,-0.2603294531209431,0.0,1.0,0.0,0.0,1.0,0.0,0.0,1.0,0.0,0.0,0.0,0.0,0.0,0.0,0.0,0.0,0.0,0.0,1.0,0.0,0.0,0.0,0.0,1.0,0.0,0.0,1.0,0.0,0.0,1.0,0.0,1.0,0.0
-0.17906265038848831,-0.5345878409959883,-0.46508427634374117,-0.46618317148792077,-0.5563385795422586,-0.5490821079184883,-0.1587356185681543,0.0,1.0,0.0,0.0,1.0,0.0,0.0,1.0,0.0,0.0,0.0,0.0,0.0,0.0,0.0,0.0,0.0,0.0,1.0,1.0,0.0,0.0,0.0,0.0,0.0,0.0,1.0,0.0,0.0,1.0,0.0,1.0,0.0
1.869419468445579,2.0341987979955096,-0.46508427634374117,0.7277823612437324,0.07341192703021858,0.3517161889431792,1.1842095751570987,0.0,1.0,0.0,0.0,1.0,0.0,0.0,1.0,0.0,0.0,0.0,0.0,0.0,1.0,0.0,0.0,0.0,0.0,0.0,0.0,0.0,1.0,0.0,0.0,0.0,0.0,0.0,1.0,1.0,0.0,0.0,0.0,0.0
-0.25493235849345375,-0.8161107344824684,-0.46508427634374117,-0.46618317148792077,-0.5563385795422586,-0.5490821079184883,-0.5495874188596434,0.0,1.0,1.0,0.0,0.0,0.0,0.0,1.0,0.0,0.0,0.0,0.0,0.0,0.0,0.0,0.0,0.0,0.0,1.0,1.0,0.0,0.0,0.0,0.0,0.0,1.0,0.0,0.0,0.0,0.0,1.0,1.0,0.0
1.3383315117108208,1.3679894179581809,-0.46508427634374117,-0.46618317148792077,-0.5563385795422586,0.3517161889431792,2.4827040798043547,0.0,1.0,0.0,0.0,1.0,0.0,0.0,1.0,0.0,0.0,0.0,0.0,1.0,0.0,0.0,0.0,0.0,0.0,0.0,0.0,0.0,1.0,0.0,0.0,0.0,0.0,0.0,1.0,1.0,0.0,0.0,1.0,0.0
-1.3929779800679356,1.1191908533257127,4.252009808510158,1.9217478939753856,3.851914966465082,2.153312782666514,-0.6421529479818411,0.0,1.0,0.0,0.0,1.0,1.0,0.0,0.0,0.0,0.0,0.0,0.0,0.0,0.0,0.0,0.0,0.0,0.0,1.0,0.0,1.0,0.0,0.0,0.0,0.0,0.0,0.0,1.0,0.0,0.0,1.0,0.0,1.0
-0.634280899018281,2.0341987979955096,1.4217533575978185,-0.46618317148792077,0.7031624336026958,3.0541110795281816,0.4430678774295135,0.0,1.0,0.0,0.0,1.0,0.0,0.0,1.0,0.0,0.0,0.0,0.0,0.0,0.0,0.0,0.0,0.0,0.0,1.0,1.0,0.0,0.0,0.0,0.0,0.0,0.0,0.0,1.0,0.0,1.0,0.0,0.0,0.0
-0.0273232341785574,-0.6565479216981787,-0.46508427634374117,-0.46618317148792077,-0.5563385795422586,-0.5490821079184883,-0.32805867615613565,0.0,1.0,0.0,0.0,1.0,0.0,0.0,1.0,0.0,0.0,0.0,0.0,0.0,0.0,0.0,0.0,0.0,0.0,1.0,1.0,0.0,0.0,0.0,0.0,0.0,0.0,1.0,0.0,0.0,1.0,0.0,1.0,0.0
0.7313738468710972,0.009354118935780474,-0.46508427634374117,-0.46618317148792077,-0.5563385795422586,-0.5490821079184883,0.5964452182742425,0.0,1.0,0.0,0.0,1.0,0.0,0.0,1.0,0.0,0.0,0.0,0.0,0.0,0.0,0.0,0.0,0.0,0.0,1.0,1.0,0.0,0.0,0.0,0.0,1.0,0.0,0.0,0.0,0.0,0.0,1.0,1.0,0.0
0.7313738468710972,0.2520546795331393,-0.46508427634374117,5.503644492170345,2.592413953320128,2.153312782666514,-0.7104465812089935,1.0,0.0,0.0,1.0,0.0,0.0,0.0,0.0,1.0,0.0,0.0,0.0,0.0,0.0,0.0,0.0,0.0,0.0,1.0,1.0,0.0,0.0,0.0,0.0,1.0,0.0,0.0,0.0,0.0,0.0,1.0,0.0,0.0
0.5037647225562008,-0.4101885586797542,0.4783345406270387,-0.46618317148792077,0.07341192703021858,-0.5490821079184883,-0.5126208089270353,0.0,1.0,0.0,0.0,1.0,0.0,0.0,1.0,0.0,0.0,0.0,0.0,0.0,0.0,0.0,0.0,0.0,0.0,1.0,1.0,0.0,0.0,0.0,0.0,1.0,0.0,0.0,0.0,0.0,0.0,1.0,0.0,0.0
-0.9377597314381428,2.0341987979955096,0.4783345406270387,-0.46618317148792077,0.07341192703021858,0.3517161889431792,1.1842095751570987,1.0,0.0,1.0,0.0,0.0,0.0,0.0,0.0,1.0,0.0,0.0,0.0,1.0,0.0,0.0,0.0,0.0,0.0,0.0,0.0,0.0,0.0,0.0,1.0,0.0,0.0,0.0,1.0,1.0,0.0,0.0,0.0,0.0
-0.25493235849345375,-0.7461885810142886,-0.46508427634374117,-0.46618317148792077,-0.5563385795422586,-0.5490821079184883,-0.45251112348330197,0.0,1.0,0.0,0.0,1.0,0.0,0.0,1.0,0.0,0.0,0.0,0.0,0.0,0.0,0.0,0.0,0.0,0.0,1.0,1.0,0.0,0.0,0.0,0.0,0.0,0.0,1.0,0.0,0.0,0.0,1.0,1.0,0.0
-1.3929779800679356,0.3569403489370229,3.3085909915393783,1.9217478939753856,3.222164459892605,3.9549093763898493,-0.7366110251077077,1.0,0.0,0.0,0.0,1.0,0.0,1.0,0.0,0.0,0.0,0.0,0.0,0.0,0.0,0.0,0.0,0.0,0.0,1.0,0.0,1.0,0.0,0.0,0.0,0.0,0.0,0.0,1.0,0.0,0.0,1.0,0.0,1.0
1.3383315117108208,-0.4614117925746742,0.4783345406270387,-0.46618317148792077,0.07341192703021858,-0.5490821079184883,-0.5481786510205114,1.0,0.0,0.0,0.0,1.0,0.0,0.0,0.0,1.0,0.0,0.0,0.0,0.0,0.0,0.0,0.0,0.0,0.0,1.0,0.0,0.0,1.0,0.0,0.0,1.0,0.0,0.0,0.0,0.0,0.0,1.0,0.0,0.0
0.8072435549760626,0.0996045786554014,-0.46508427634374117,-0.46618317148792077,-0.5563385795422586,-0.5490821079184883,0.7217442808893487,0.0,1.0,0.0,0.0,1.0,0.0,0.0,1.0,0.0,0.0,1.0,0.0,0.0,0.0,0.0,0.0,0.0,0.0,0.0,1.0,0.0,0.0,0.0,0.0,1.0,0.0,0.0,0.0,1.0,0.0,0.0,1.0,0.0
0.6555041387661317,0.36242855256862155,0.4783345406270387,5.503644492170345,3.222164459892605,2.153312782666514,-0.7355225197374993,1.0,0.0,0.0,0.0,1.0,0.0,0.0,0.0,1.0,0.0,0.0,0.0,0.0,0.0,0.0,0.0,0.0,0.0,1.0,1.0,0.0,0.0,0.0,0.0,0.0,0.0,0.0,1.0,0.0,0.0,1.0,0.0,0.0
-0.0273232341785574,-0.5662974619785579,-0.46508427634374117,-0.46618317148792077,-0.5563385795422586,-0.5490821079184883,-0.20275961354102945,1.0,0.0,0.0,1.0,0.0,0.0,1.0,0.0,0.0,0.0,0.0,0.0,0.0,0.0,1.0,0.0,0.0,0.0,0.0,1.0,0.0,0.0,0.0,0.0,0.0,0.0,1.0,0.0,0.0,1.0,0.0,1.0,0.0
-0.7860203152282119,0.29474070777890593,-0.46508427634374117,-0.46618317148792077,-0.5563385795422586,-0.5490821079184883,0.9926611730301189,1.0,0.0,0.0,0.0,1.0,0.0,1.0,0.0,0.0,0.0,0.0,1.0,0.0,0.0,0.0,0.0,0.0,0.0,0.0,0.0,0.0,0.0,0.0,1.0,1.0,0.0,0.0,0.0,1.0,0.0,0.0,1.0,0.0
1.4142012198157863,0.7630674176753169,0.4783345406270387,-0.46618317148792077,0.07341192703021858,-0.5490821079184883,0.30182309807115504,1.0,0.0,1.0,0.0,0.0,0.0,0.0,0.0,0.0,1.0,1.0,0.0,0.0,0.0,0.0,0.0,0.0,0.0,0.0,0.0,0.0,1.0,0.0,0.0,0.0,0.0,0.0,1.0,1.0,0.0,0.0,0.0,0.0
-0.25493235849345375,-0.791313810874099,-0.46508427634374117,-0.46618317148792077,-0.5563385795422586,-0.5490821079184883,-0.515160654790855,0.0,1.0,0.0,1.0,0.0,0.0,0.0,1.0,0.0,0.0,0.0,0.0,0.0,0.0,0.0,0.0,0.0,0.0,1.0,1.0,0.0,0.0,0.0,0.0,0.0,1.0,0.0,0.0,0.0,0.0,1.0,1.0,0.0
0.42789501445123534,2.0341987979955096,0.4783345406270387,-0.46618317148792077,0.07341192703021858,0.3517161889431792,1.1842095751570987,1.0,0.0,1.0,0.0,0.0,0.0,0.0,0.0,1.0,0.0,0.0,1.0,0.0,0.0,0.0,0.0,0.0,0.0,0.0,1.0,0.0,0.0,0.0,0.0,0.0,0.0,0.0,1.0,1.0,0.0,0.0,0.0,0.0
0.8072435549760626,-1.168780260647378,-0.46508427634374117,-0.46618317148792077,-0.5563385795422586,-0.5490821079184883,-1.0392155180256573,0.0,1.0,0.0,0.0,1.0,0.0,0.0,1.0,0.0,0.0,0.0,1.0,0.0,0.0,0.0,0.0,0.0,0.0,0.0,1.0,0.0,0.0,0.0,0.0,0.0,1.0,0.0,0.0,1.0,0.0,0.0,1.0,0.0
0.1244161820313735,-0.7894844096635663,-0.46508427634374117,-0.46618317148792077,-0.5563385795422586,-0.5490821079184883,-0.5126208089270353,0.0,1.0,0.0,0.0,1.0,0.0,0.0,1.0,0.0,0.0,0.0,0.0,0.0,0.0,0.0,0.0,0.0,0.0,1.0,1.0,0.0,0.0,0.0,0.0,0.0,1.0,0.0,0.0,0.0,0.0,1.0,1.0,0.0
-1.620587104382832,-0.14065678032791362,2.3651721745685985,0.7277823612437324,1.9626634467476503,2.153312782666514,-0.7537368429323208,1.0,0.0,0.0,0.0,1.0,0.0,1.0,0.0,0.0,0.0,0.0,0.0,0.0,0.0,0.0,0.0,0.0,0.0,1.0,0.0,1.0,0.0,0.0,0.0,1.0,0.0,0.0,0.0,0.0,0.0,1.0,0.0,1.0
-0.25493235849345375,-0.2522502541704177,-0.46508427634374117,-0.46618317148792077,-0.5563385795422586,-0.5490821079184883,0.23324725974802263,0.0,1.0,1.0,0.0,0.0,0.0,0.0,1.0,0.0,0.0,0.0,0.0,0.0,0.0,0.0,0.0,0.0,0.0,1.0,1.0,0.0,0.0,0.0,0.0,1.0,0.0,0.0,0.0,0.0,0.0,1.0,1.0,0.0
-0.40667177470338467,2.0341987979955096,1.4217533575978185,-0.46618317148792077,0.7031624336026958,3.0541110795281816,0.4430678774295135,0.0,1.0,0.0,0.0,1.0,0.0,0.0,1.0,0.0,0.0,0.0,0.0,0.0,0.0,0.0,0.0,0.0,0.0,1.0,1.0,0.0,0.0,0.0,0.0,0.0,0.0,0.0,1.0,0.0,1.0,0.0,0.0,0.0
-0.5584111909133156,-0.8161107344824684,-0.46508427634374117,-0.46618317148792077,-0.5563385795422586,-0.5490821079184883,-0.5495874188596434,0.0,1.0,1.0,0.0,0.0,0.0,0.0,1.0,0.0,0.0,0.0,0.0,0.0,0.0,0.0,0.0,0.0,0.0,1.0,1.0,0.0,0.0,0.0,0.0,0.0,1.0,0.0,0.0,0.0,0.0,1.0,1.0,0.0
-1.9240659368026938,-0.04674751818722701,0.4783345406270387,0.7277823612437324,0.7031624336026958,-0.5490821079184883,-0.5199581414225145,1.0,0.0,0.0,0.0,1.0,0.0,1.0,0.0,0.0,0.0,0.0,0.0,0.0,0.0,0.0,0.0,0.0,0.0,1.0,0.0,1.0,0.0,0.0,0.0,1.0,0.0,0.0,0.0,0.0,1.0,0.0,0.0,1.0
1.18659209550089,0.1264357964098833,-0.46508427634374117,-0.46618317148792077,-0.5563385795422586,-0.5490821079184883,0.7589953535587047,0.0,1.0,0.0,0.0,1.0,0.0,0.0,1.0,0.0,0.0,0.0,0.0,0.0,0.0,0.0,0.0,0.0,0.0,1.0,0.0,0.0,1.0,0.0,0.0,1.0,0.0,0.0,0.0,1.0,0.0,0.0,1.0,0.0
0.9589829711859935,2.0341987979955096,-0.46508427634374117,-0.46618317148792077,-0.5563385795422586,2.153312782666514,3.407634668339855,1.0,0.0,1.0,0.0,0.0,0.0,1.0,0.0,0.0,0.0,0.0,0.0,0.0,0.0,0.0,0.0,0.0,0.0,1.0,0.0,0.0,1.0,0.0,0.0,0.0,0.0,0.0,1.0,1.0,0.0,0.0,1.0,0.0
0.20028589013633896,0.319132723919344,-0.46508427634374117,-0.46618317148792077,-0.5563385795422586,-0.5490821079184883,1.0265257845477151,0.0,1.0,1.0,0.0,0.0,0.0,0.0,0.0,0.0,1.0,0.0,1.0,0.0,0.0,0.0,0.0,0.0,0.0,0.0,1.0,0.0,0.0,0.0,0.0,1.0,0.0,0.0,0.0,1.0,0.0,0.0,1.0,0.0
1.6418103441306826,-0.7760688007863252,-0.46508427634374117,-0.46618317148792077,-0.5563385795422586,-0.5490821079184883,-0.4939952725923573,0.0,1.0,0.0,0.0,1.0,0.0,0.0,1.0,0.0,0.0,0.0,0.0,0.0,0.0,0.0,0.0,0.0,0.0,1.0,0.0,0.0,1.0,0.0,0.0,0.0,0.0,1.0,0.0,0.0,0.0,1.0,1.0,0.0
-1.1274340017005564,-0.46364610125313827,0.4783345406270387,-0.46618317148792077,0.07341192703021858,0.3517161889431792,-0.5497296502280173,1.0,0.0,1.0,0.0,0.0,0.0,1.0,0.0,0.0,0.0,0.0,0.0,0.0,0.0,0.0,0.0,0.0,0.0,1.0,0.0,0.0,0.0,0.0,1.0,0.0,0.0,1.0,0.0,0.0,0.0,1.0,0.0,0.0
-0.25493235849345375,-0.8248528330672014,-0.46508427634374117,-0.46618317148792077,-0.5563385795422586,-0.5490821079184883,-0.56172449562755,0.0,1.0,0.0,0.0,1.0,0.0,0.0,1.0,0.0,0.0,0.0,0.0,0.0,0.0,0.0,0.0,0.0,0.0,1.0,1.0,0.0,0.0,0.0,0.0,0.0,1.0,0.0,0.0,0.0,0.0,1.0,1.0,0.0
-0.17906265038848831,-0.46364610125313827,0.4783345406270387,-0.46618317148792077,0.07341192703021858,0.3517161889431792,-0.5497296502280173,0.0,1.0,1.0,0.0,0.0,0.0,0.0,1.0,0.0,0.0,0.0,0.0,0.0,0.0,0.0,0.0,0.0,0.0,1.0,1.0,0.0,0.0,0.0,0.0,1.0,0.0,0.0,0.0,0.0,0.0,1.0,0.0,0.0
0.8072435549760626,0.1264357964098833,-0.46508427634374117,-0.46618317148792077,-0.5563385795422586,-0.5490821079184883,0.7589953535587047,0.0,1.0,0.0,0.0,1.0,0.0,0.0,1.0,0.0,0.0,0.0,0.0,1.0,0.0,0.0,0.0,0.0,0.0,0.0,1.0,0.0,0.0,0.0,0.0,1.0,0.0,0.0,0.0,1.0,0.0,0.0,1.0,0.0
-1.620587104382832,0.2520546795331393,3.3085909915393783,0.7277823612437324,2.592413953320128,2.153312782666514,-0.7104465812089935,0.0,1.0,0.0,1.0,0.0,1.0,0.0,0.0,0.0,0.0,0.0,0.0,0.0,0.0,0.0,0.0,0.0,0.0,1.0,0.0,1.0,0.0,0.0,0.0,1.0,0.0,0.0,0.0,0.0,0.0,1.0,0.0,1.0
0.9589829711859935,0.14838861093627753,0.4783345406270387,-0.46618317148792077,0.07341192703021858,0.3517161889431792,-0.12487100705055801,0.0,1.0,0.0,0.0,1.0,0.0,0.0,1.0,0.0,0.0,0.0,0.0,0.0,0.0,0.0,0.0,0.0,0.0,1.0,0.0,0.0,1.0,0.0,0.0,1.0,0.0,0.0,0.0,0.0,1.0,0.0,0.0,0.0
0.8072435549760626,2.0341987979955096,0.4783345406270387,0.7277823612437324,0.7031624336026958,0.3517161889431792,0.4430678774295135,1.0,0.0,1.0,0.0,0.0,0.0,0.0,0.0,1.0,0.0,0.0,0.0,0.0,0.0,1.0,0.0,0.0,0.0,0.0,1.0,0.0,0.0,0.0,0.0,0.0,0.0,0.0,1.0,1.0,0.0,0.0,0.0,0.0
-1.8481962286977283,0.36242855256862155,3.3085909915393783,1.9217478939753856,3.222164459892605,2.153312782666514,-0.7355225197374993,1.0,0.0,0.0,0.0,1.0,0.0,1.0,0.0,0.0,0.0,0.0,0.0,0.0,0.0,0.0,0.0,0.0,0.0,1.0,0.0,1.0,0.0,0.0,0.0,0.0,0.0,0.0,1.0,0.0,0.0,1.0,0.0,1.0
0.048546473926408054,-0.7835912985640363,-0.46508427634374117,-0.46618317148792077,-0.5563385795422586,-0.5490821079184883,-0.5044391187843841,0.0,1.0,0.0,0.0,1.0,0.0,0.0,1.0,0.0,0.0,0.0,0.0,0.0,0.0,0.0,0.0,0.0,0.0,1.0,1.0,0.0,0.0,0.0,0.0,0.0,1.0,0.0,0.0,0.0,0.0,1.0,1.0,0.0
-0.5963460449657983,-0.790704010470588,-0.46508427634374117,-0.46618317148792077,-0.5563385795422586,-0.5490821079184883,-0.5143140395029151,1.0,0.0,0.0,1.0,0.0,0.0,1.0,0.0,0.0,0.0,0.0,0.0,0.0,0.0,0.0,0.0,0.0,0.0,1.0,1.0,0.0,0.0,0.0,0.0,0.0,1.0,0.0,0.0,0.0,0.0,1.0,1.0,0.0
-1.9240659368026938,0.2520546795331393,3.3085909915393783,0.7277823612437324,2.592413953320128,2.153312782666514,-0.7104465812089935,0.0,1.0,0.0,1.0,0.0,1.0,0.0,0.0,0.0,0.0,0.0,0.0,0.0,0.0,0.0,0.0,0.0,0.0,1.0,0.0,1.0,0.0,0.0,0.0,1.0,0.0,0.0,0.0,0.0,0.0,1.0,0.0,1.0
-2.1645729114954344,-0.25407965538095056,0.4783345406270387,0.7277823612437324,0.7031624336026958,1.2525144858048467,-0.6159078740557039,0.0,1.0,0.0,0.0,1.0,1.0,0.0,0.0,0.0,0.0,0.0,0.0,0.0,0.0,0.0,0.0,0.0,0.0,1.0,0.0,1.0,0.0,0.0,0.0,1.0,0.0,0.0,0.0,0.0,1.0,0.0,0.0,1.0
-0.10319294228352285,0.0996045786554014,0.4783345406270387,-0.46618317148792077,0.07341192703021858,-0.5490821079184883,-0.1587356185681543,1.0,0.0,0.0,0.0,1.0,0.0,0.0,0.0,1.0,0.0,0.0,0.0,0.0,0.0,0.0,0.0,0.0,0.0,1.0,1.0,0.0,0.0,0.0,0.0,1.0,0.0,0.0,0.0,0.0,1.0,0.0,0.0,0.0
-0.7101506071232465,-0.9730343311203626,-0.46508427634374117,-0.46618317148792077,-0.5563385795422586,-0.5490821079184883,-0.7674520105969471,0.0,1.0,1.0,0.0,0.0,0.0,0.0,1.0,0.0,0.0,0.0,0.0,0.0,0.0,0.0,0.0,0.0,0.0,1.0,0.0,0.0,0.0,0.0,1.0,0.0,1.0,0.0,0.0,0.0,0.0,1.0,1.0,0.0
-0.25493235849345375,-0.816315627418048,-0.46508427634374117,-0.46618317148792077,-0.5563385795422586,-0.5490821079184883,-0.5498718815963912,0.0,1.0,1.0,0.0,0.0,0.0,0.0,1.0,0.0,0.0,0.0,0.0,0.0,0.0,0.0,0.0,0.0,0.0,1.0,1.0,0.0,0.0,0.0,0.0,0.0,1.0,0.0,0.0,0.0,0.0,1.0,1.0,0.0
0.8072435549760626,0.3286846374399395,-0.46508427634374117,-0.46618317148792077,-0.5563385795422586,-0.5490821079184883,1.0397871664180058,0.0,1.0,1.0,0.0,0.0,0.0,0.0,1.0,0.0,0.0,0.0,0.0,0.0,0.0,0.0,0.0,0.0,0.0,1.0,1.0,0.0,0.0,0.0,0.0,1.0,0.0,0.0,0.0,1.0,0.0,0.0,1.0,0.0
-0.9377597314381428,-0.7461885810142886,-0.46508427634374117,-0.46618317148792077,-0.5563385795422586,-0.5490821079184883,-0.45251112348330197,0.0,1.0,0.0,0.0,1.0,0.0,0.0,1.0,0.0,0.0,0.0,0.0,0.0,0.0,0.0,0.0,0.0,0.0,1.0,0.0,0.0,0.0,0.0,1.0,0.0,0.0,1.0,0.0,0.0,0.0,1.0,1.0,0.0
-0.25493235849345375,-0.7437493794002448,-0.46508427634374117,-0.46618317148792077,-0.5563385795422586,-0.5490821079184883,-0.4491246623315423,0.0,1.0,1.0,0.0,0.0,0.0,0.0,1.0,0.0,0.0,0.0,0.0,0.0,0.0,0.0,0.0,0.0,0.0,1.0,1.0,0.0,0.0,0.0,0.0,0.0,0.0,1.0,0.0,0.0,0.0,1.0,1.0,0.0
-0.0273232341785574,-0.7894844096635663,-0.46508427634374117,-0.46618317148792077,-0.5563385795422586,-0.5490821079184883,-0.5126208089270353,0.0,1.0,0.0,0.0,1.0,0.0,0.0,1.0,0.0,0.0,0.0,0.0,0.0,0.0,0.0,0.0,0.0,0.0,1.0,1.0,0.0,0.0,0.0,0.0,0.0,1.0,0.0,0.0,0.0,0.0,1.0,1.0,0.0
0.42789501445123534,-0.8211940306461356,-0.46508427634374117,-0.46618317148792077,-0.5563385795422586,-0.5490821079184883,-0.5566448038999104,0.0,1.0,0.0,0.0,1.0,0.0,0.0,1.0,0.0,0.0,0.0,0.0,0.0,0.0,0.0,0.0,0.0,0.0,1.0,1.0,0.0,0.0,0.0,0.0,0.0,1.0,0.0,0.0,0.0,0.0,1.0,1.0,0.0
-1.7723265205927627,0.3569403489370229,3.3085909915393783,1.9217478939753856,3.222164459892605,3.9549093763898493,-0.7366110251077077,1.0,0.0,0.0,0.0,1.0,0.0,1.0,0.0,0.0,0.0,0.0,0.0,0.0,0.0,0.0,0.0,0.0,0.0,1.0,0.0,1.0,0.0,0.0,0.0,0.0,0.0,0.0,1.0,0.0,0.0,1.0,0.0,1.0
-0.7860203152282119,-0.7844011134998988,-0.46508427634374117,-0.46618317148792077,-0.5563385795422586,-0.5490821079184883,-0.5055634238867682,1.0,0.0,0.0,1.0,0.0,0.0,1.0,0.0,0.0,0.0,0.0,0.0,0.0,0.0,0.0,0.0,0.0,0.0,1.0,0.0,0.0,0.0,0.0,1.0,0.0,1.0,0.0,0.0,0.0,0.0,1.0,1.0,0.0
-0.634280899018281,-0.7856207143069208,-0.46508427634374117,-0.46618317148792077,-0.5563385795422586,-0.5490821079184883,-0.5072566544626481,0.0,1.0,0.0,0.0,1.0,0.0,0.0,1.0,0.0,0.0,0.0,0.0,0.0,0.0,0.0,0.0,0.0,0.0,1.0,1.0,0.0,0.0,0.0,0.0,0.0,1.0,0.0,0.0,0.0,0.0,1.0,1.0,0.0
-0.7101506071232465,-0.6884624356163278,-0.46508427634374117,-0.46618317148792077,-0.5563385795422586,-0.5490821079184883,-0.37236713386575854,0.0,1.0,0.0,0.0,1.0,0.0,0.0,1.0,0.0,0.0,0.0,0.0,0.0,0.0,0.0,0.0,0.0,0.0,1.0,0.0,0.0,0.0,0.0,1.0,0.0,0.0,1.0,0.0,0.0,0.0,1.0,1.0,0.0
-1.6964568124877974,0.11180058672562043,-0.46508427634374117,1.9217478939753856,0.7031624336026958,1.2525144858048467,-0.4465848164677226,1.0,0.0,0.0,0.0,1.0,0.0,1.0,0.0,0.0,0.0,0.0,0.0,0.0,0.0,0.0,0.0,0.0,0.0,1.0,0.0,1.0,0.0,0.0,0.0,1.0,0.0,0.0,0.0,0.0,1.0,0.0,0.0,1.0
0.7313738468710972,-0.7821668048214347,-0.46508427634374117,-0.46618317148792077,-0.5563385795422586,-0.5490821079184883,-0.5024614254717564,0.0,1.0,0.0,0.0,1.0,0.0,0.0,1.0,0.0,0.0,0.0,0.0,0.0,0.0,0.0,0.0,0.0,0.0,1.0,1.0,0.0,0.0,0.0,0.0,0.0,0.0,1.0,0.0,0.0,0.0,1.0,1.0,0.0
-0.25493235849345375,-0.46364610125313827,0.4783345406270387,-0.46618317148792077,0.07341192703021858,-0.5490821079184883,-0.5497296502280173,0.0,1.0,1.0,0.0,0.0,0.0,0.0,1.0,0.0,0.0,0.0,0.0,0.0,0.0,0.0,0.0,0.0,0.0,1.0,1.0,0.0,0.0,0.0,0.0,1.0,0.0,0.0,0.0,0.0,0.0,1.0,0.0,0.0
1.18659209550089,-0.46364610125313827,-0.46508427634374117,0.7277823612437324,0.07341192703021858,0.3517161889431792,-0.5497296502280173,1.0,0.0,1.0,0.0,0.0,0.0,0.0,0.0,1.0,0.0,0.0,0.0,0.0,0.0,0.0,0.0,0.0,0.0,1.0,0.0,0.0,1.0,0.0,0.0,1.0,0.0,0.0,0.0,0.0,0.0,1.0,0.0,0.0
0.2761555982413044,-0.1674879980823955,0.4783345406270387,0.7277823612437324,0.7031624336026958,0.3517161889431792,-0.5758347504265483,0.0,1.0,0.0,0.0,1.0,0.0,0.0,1.0,0.0,0.0,0.0,0.0,0.0,0.0,0.0,0.0,0.0,0.0,1.0,1.0,0.0,0.0,0.0,0.0,1.0,0.0,0.0,0.0,0.0,0.0,1.0,0.0,0.0
-2.075805353012625,0.0996045786554014,0.4783345406270387,0.7277823612437324,0.7031624336026958,1.2525144858048467,-0.452228918387322,0.0,1.0,0.0,0.0,1.0,1.0,0.0,0.0,0.0,0.0,0.0,0.0,0.0,0.0,0.0,1.0,0.0,0.0,0.0,0.0,1.0,0.0,0.0,0.0,1.0,0.0,0.0,0.0,0.0,1.0,0.0,0.0,1.0
0.42789501445123534,2.0341987979955096,0.4783345406270387,-0.46618317148792077,0.07341192703021858,0.3517161889431792,1.1842095751570987,1.0,0.0,1.0,0.0,0.0,0.0,0.0,0.0,1.0,0.0,0.0,0.0,1.0,0.0,0.0,0.0,0.0,0.0,0.0,1.0,0.0,0.0,0.0,0.0,0.0,0.0,0.0,1.0,1.0,0.0,0.0,0.0,0.0
-0.25493235849345375,-0.3833573409252723,0.4783345406270387,-0.46618317148792077,0.07341192703021858,0.3517161889431792,-0.4939952725923573,1.0,0.0,0.0,0.0,1.0,0.0,0.0,0.0,1.0,0.0,0.0,0.0,0.0,0.0,0.0,0.0,0.0,0.0,1.0,1.0,0.0,0.0,0.0,0.0,1.0,0.0,0.0,0.0,0.0,0.0,1.0,0.0,0.0
0.20028589013633896,1.5873126702865439,-0.46508427634374117,-0.46618317148792077,-0.5563385795422586,3.9549093763898493,2.7872011207259737,0.0,1.0,0.0,0.0,1.0,0.0,0.0,1.0,0.0,0.0,0.0,0.0,0.0,0.0,0.0,0.0,0.0,0.0,1.0,1.0,0.0,0.0,0.0,0.0,0.0,0.0,0.0,1.0,0.0,0.0,1.0,1.0,0.0
0.42789501445123534,2.0341987979955096,-0.46508427634374117,-0.46618317148792077,-0.5563385795422586,1.2525144858048467,3.407634668339855,1.0,0.0,0.0,0.0,1.0,0.0,1.0,0.0,0.0,0.0,0.0,0.0,1.0,0.0,0.0,0.0,0.0,0.0,0.0,1.0,0.0,0.0,0.0,0.0,0.0,0.0,0.0,1.0,1.0,0.0,0.0,1.0,0.0
-0.10319294228352285,-0.46629019580276176,0.4783345406270387,0.7277823612437324,0.7031624336026958,0.3517161889431792,-0.7141152474567332,1.0,0.0,0.0,0.0,1.0,0.0,0.0,0.0,1.0,0.0,0.0,0.0,0.0,0.0,0.0,0.0,0.0,0.0,1.0,1.0,0.0,0.0,0.0,0.0,0.0,0.0,1.0,0.0,0.0,0.0,1.0,0.0,0.0
0.7313738468710972,0.3569403489370229,0.4783345406270387,5.503644492170345,3.222164459892605,3.9549093763898493,-0.7366110251077077,0.0,1.0,0.0,0.0,1.0,0.0,0.0,1.0,0.0,0.0,0.0,0.0,0.0,0.0,0.0,0.0,0.0,0.0,1.0,1.0,0.0,0.0,0.0,0.0,0.0,0.0,0.0,1.0,0.0,0.0,1.0,0.0,0.0
-0.10319294228352285,-0.7053319539790548,-0.46508427634374117,-0.46618317148792077,-0.5563385795422586,-0.5490821079184883,-0.3957878991913282,0.0,1.0,0.0,0.0,1.0,0.0,0.0,1.0,0.0,0.0,0.0,0.0,0.0,0.0,0.0,0.0,0.0,0.0,1.0,1.0,0.0,0.0,0.0,0.0,0.0,0.0,1.0,0.0,0.0,0.0,1.0,1.0,0.0
0.5796344306611663,0.2801054980946431,-0.46508427634374117,0.7277823612437324,0.07341192703021858,-0.5490821079184883,-0.033436555953048105,0.0,1.0,1.0,0.0,0.0,0.0,0.0,1.0,0.0,0.0,0.0,0.0,1.0,0.0,0.0,0.0,0.0,0.0,0.0,1.0,0.0,0.0,0.0,0.0,1.0,0.0,0.0,0.0,1.0,0.0,0.0,0.0,0.0
-0.25493235849345375,-0.8150960266110261,-0.46508427634374117,-0.46618317148792077,-0.5563385795422586,-0.5490821079184883,-0.5481786510205114,0.0,1.0,0.0,0.0,1.0,0.0,0.0,1.0,0.0,0.0,0.0,0.0,0.0,0.0,0.0,0.0,0.0,0.0,1.0,1.0,0.0,0.0,0.0,0.0,0.0,1.0,0.0,0.0,0.0,0.0,1.0,1.0,0.0
-1.9240659368026938,0.3569403489370229,3.3085909915393783,1.9217478939753856,3.222164459892605,3.9549093763898493,-0.7366110251077077,0.0,1.0,0.0,0.0,1.0,1.0,0.0,0.0,0.0,0.0,0.0,0.0,0.0,0.0,0.0,0.0,0.0,0.0,1.0,0.0,1.0,0.0,0.0,0.0,0.0,0.0,0.0,1.0,0.0,0.0,1.0,0.0,1.0
-0.48254148280835013,1.9220930918140564,-0.46508427634374117,0.7277823612437324,0.07341192703021858,-0.5490821079184883,1.1063886978896624,0.0,1.0,1.0,0.0,0.0,0.0,0.0,1.0,0.0,0.0,0.0,0.0,0.0,1.0,0.0,0.0,0.0,0.0,0.0,1.0,0.0,0.0,0.0,0.0,0.0,0.0,0.0,1.0,1.0,0.0,0.0,0.0,0.0
0.6555041387661317,-0.8248528330672014,-0.46508427634374117,-0.46618317148792077,-0.5563385795422586,-0.5490821079184883,-0.56172449562755,0.0,1.0,0.0,0.0,1.0,0.0,0.0,1.0,0.0,0.0,0.0,0.0,0.0,0.0,0.0,0.0,0.0,0.0,1.0,1.0,0.0,0.0,0.0,0.0,0.0,1.0,0.0,0.0,0.0,0.0,1.0,1.0,0.0
-0.3308020665984192,-0.8248528330672014,-0.46508427634374117,-0.46618317148792077,-0.5563385795422586,-0.5490821079184883,-0.56172449562755,0.0,1.0,0.0,0.0,1.0,0.0,0.0,1.0,0.0,0.0,0.0,0.0,0.0,0.0,0.0,0.0,0.0,0.0,1.0,1.0,0.0,0.0,0.0,0.0,0.0,1.0,0.0,0.0,0.0,0.0,1.0,1.0,0.0
-0.0273232341785574,-0.6565479216981787,-0.46508427634374117,-0.46618317148792077,-0.5563385795422586,-0.5490821079184883,-0.32805867615613565,1.0,0.0,0.0,0.0,1.0,0.0,0.0,0.0,1.0,0.0,0.0,0.0,0.0,0.0,0.0,1.0,0.0,0.0,0.0,1.0,0.0,0.0,0.0,0.0,0.0,0.0,1.0,0.0,0.0,1.0,0.0,1.0,0.0
1.869419468445579,1.3612816135195602,-0.46508427634374117,-0.46618317148792077,-0.5563385795422586,-0.5490821079184883,2.4733913116370156,0.0,1.0,0.0,0.0,1.0,0.0,0.0,1.0,0.0,0.0,0.0,0.0,0.0,0.0,1.0,0.0,0.0,0.0,0.0,0.0,0.0,1.0,0.0,0.0,0.0,0.0,0.0,1.0,1.0,0.0,0.0,1.0,0.0
-0.40667177470338467,-0.4614117925746742,-0.46508427634374117,1.9217478939753856,0.7031624336026958,0.3517161889431792,-0.7118576066888933,1.0,0.0,0.0,0.0,1.0,0.0,0.0,0.0,1.0,0.0,0.0,0.0,0.0,0.0,0.0,0.0,0.0,0.0,1.0,1.0,0.0,0.0,0.0,0.0,1.0,0.0,0.0,0.0,0.0,1.0,0.0,0.0,0.0
-0.10319294228352285,-0.7835912985640363,-0.46508427634374117,-0.46618317148792077,-0.5563385795422586,-0.5490821079184883,-0.5044391187843841,0.0,1.0,0.0,0.0,1.0,0.0,0.0,1.0,0.0,0.0,0.0,0.0,0.0,0.0,0.0,0.0,0.0,0.0,1.0,1.0,0.0,0.0,0.0,0.0,0.0,1.0,0.0,0.0,0.0,0.0,1.0,1.0,0.0
-0.5963460449657983,-0.07805223170186523,-0.46508427634374117,1.9217478939753856,0.7031624336026958,0.3517161889431792,-0.5344454222297422,1.0,0.0,1.0,0.0,0.0,0.0,0.0,0.0,1.0,0.0,0.0,0.0,0.0,0.0,0.0,0.0,0.0,0.0,1.0,1.0,0.0,0.0,0.0,0.0,1.0,0.0,0.0,0.0,0.0,0.0,1.0,0.0,0.0
-1.1653688557530393,-0.7856207143069208,-0.46508427634374117,-0.46618317148792077,-0.5563385795422586,-0.5490821079184883,-0.5072566544626481,1.0,0.0,0.0,0.0,1.0,0.0,1.0,0.0,0.0,0.0,0.0,0.0,0.0,0.0,0.0,0.0,0.0,0.0,1.0,0.0,0.0,0.0,0.0,1.0,0.0,1.0,0.0,0.0,0.0,0.0,1.0,1.0,0.0
0.883113263081028,-0.2174916311702935,-0.46508427634374117,0.7277823612437324,0.07341192703021858,0.3517161889431792,-0.37885559343253006,1.0,0.0,0.0,0.0,1.0,0.0,0.0,0.0,1.0,0.0,0.0,0.0,0.0,0.0,0.0,0.0,0.0,0.0,1.0,0.0,0.0,1.0,0.0,0.0,1.0,0.0,0.0,0.0,0.0,1.0,0.0,0.0,0.0
-0.25493235849345375,-0.4614117925746742,-0.46508427634374117,-0.46618317148792077,-0.5563385795422586,-0.5490821079184883,-0.057141784015365474,0.0,1.0,0.0,0.0,1.0,0.0,0.0,1.0,0.0,0.0,0.0,0.0,0.0,0.0,0.0,0.0,0.0,0.0,1.0,1.0,0.0,0.0,0.0,0.0,1.0,0.0,0.0,0.0,0.0,0.0,1.0,1.0,0.0
1.565940636025717,-0.6565479216981787,-0.46508427634374117,-0.46618317148792077,-0.5563385795422586,-0.5490821079184883,-0.32805867615613565,1.0,0.0,0.0,0.0,1.0,0.0,1.0,0.0,0.0,0.0,0.0,0.0,0.0,0.0,0.0,0.0,0.0,0.0,1.0,0.0,0.0,1.0,0.0,0.0,0.0,0.0,1.0,0.0,0.0,1.0,0.0,1.0,0.0
-0.25493235849345375,-0.8161107344824684,-0.46508427634374117,-0.46618317148792077,-0.5563385795422586,-0.5490821079184883,-0.5495874188596434,0.0,1.0,1.0,0.0,0.0,0.0,0.0,1.0,0.0,0.0,0.0,0.0,0.0,0.0,0.0,0.0,0.0,0.0,1.0,1.0,0.0,0.0,0.0,0.0,0.0,1.0,0.0,0.0,0.0,0.0,1.0,1.0,0.0
-0.634280899018281,-0.7894844096635663,-0.46508427634374117,-0.46618317148792077,-0.5563385795422586,-0.5490821079184883,-0.5126208089270353,0.0,1.0,0.0,0.0,1.0,0.0,0.0,1.0,0.0,0.0,0.0,0.0,0.0,0.0,0.0,0.0,0.0,0.0,1.0,1.0,0.0,0.0,0.0,0.0,0.0,1.0,0.0,0.0,0.0,0.0,1.0,1.0,0.0
-0.5584111909133156,1.2460293372559905,-0.46508427634374117,1.9217478939753856,0.7031624336026958,-0.5490821079184883,0.07831666205501961,1.0,0.0,1.0,0.0,0.0,0.0,1.0,0.0,0.0,0.0,0.0,1.0,0.0,0.0,0.0,0.0,0.0,0.0,0.0,1.0,0.0,0.0,0.0,0.0,0.0,0.0,0.0,1.0,1.0,0.0,0.0,0.0,0.0
-0.40667177470338467,-0.8031049114763869,-0.46508427634374117,-0.46618317148792077,-0.5563385795422586,-0.5490821079184883,-0.5315308079984611,0.0,1.0,0.0,0.0,1.0,0.0,0.0,1.0,0.0,0.0,0.0,0.0,0.0,0.0,0.0,0.0,0.0,0.0,1.0,1.0,0.0,0.0,0.0,0.0,0.0,1.0,0.0,0.0,0.0,0.0,1.0,1.0,0.0
-0.634280899018281,-0.6565479216981787,-0.46508427634374117,-0.46618317148792077,-0.5563385795422586,-0.5490821079184883,-0.32805867615613565,1.0,0.0,0.0,0.0,1.0,0.0,1.0,0.0,0.0,0.0,0.0,0.0,0.0,0.0,0.0,0.0,0.0,0.0,1.0,1.0,0.0,0.0,0.0,0.0,0.0,0.0,1.0,0.0,0.0,1.0,0.0,1.0,0.0
1.6418103441306826,-0.8246479401316216,-0.46508427634374117,-0.46618317148792077,-0.5563385795422586,-0.5490821079184883,-0.5614400328908021,0.0,1.0,0.0,0.0,1.0,0.0,0.0,1.0,0.0,0.0,0.0,0.0,0.0,0.0,0.0,0.0,0.0,0.0,1.0,0.0,0.0,1.0,0.0,0.0,0.0,1.0,0.0,0.0,0.0,0.0,1.0,1.0,0.0
-0.40667177470338467,0.14838861093627753,1.4217533575978185,0.7277823612437324,1.3329129401751731,0.3517161889431792,-0.5820432625381077,1.0,0.0,0.0,0.0,1.0,0.0,0.0,0.0,1.0,0.0,0.0,0.0,0.0,0.0,0.0,0.0,0.0,0.0,1.0,1.0,0.0,0.0,0.0,0.0,1.0,0.0,0.0,0.0,0.0,1.0,0.0,0.0,0.0
-0.7860203152282119,-0.5345878409959883,-0.46508427634374117,-0.46618317148792077,-0.5563385795422586,-0.5490821079184883,-0.1587356185681543,0.0,1.0,0.0,0.0,1.0,0.0,0.0,1.0,0.0,0.0,0.0,0.0,0.0,0.0,0.0,0.0,0.0,0.0,1.0,0.0,0.0,0.0,0.0,1.0,0.0,0.0,1.0,0.0,0.0,1.0,0.0,1.0,0.0
-0.5584111909133156,-0.7760688007863252,-0.46508427634374117,-0.46618317148792077,-0.5563385795422586,-0.5490821079184883,-0.4939952725923573,0.0,1.0,0.0,0.0,1.0,0.0,0.0,1.0,0.0,0.0,0.0,0.0,0.0,0.0,0.0,0.0,0.0,0.0,1.0,1.0,0.0,0.0,0.0,0.0,0.0,0.0,1.0,0.0,0.0,0.0,1.0,1.0,0.0
2.4005074251803373,0.4654848207619724,-0.46508427634374117,-0.46618317148792077,-0.5563385795422586,-0.5490821079184883,1.2297134536532928,0.0,1.0,0.0,0.0,1.0,0.0,0.0,1.0,0.0,0.0,0.0,1.0,0.0,0.0,0.0,0.0,0.0,0.0,0.0,0.0,0.0,0.0,1.0,0.0,0.0,0.0,0.0,1.0,1.0,0.0,0.0,1.0,0.0
-0.25493235849345375,-0.7760688007863252,-0.46508427634374117,-0.46618317148792077,-0.5563385795422586,-0.5490821079184883,-0.4939952725923573,0.0,1.0,0.0,0.0,1.0,0.0,0.0,1.0,0.0,0.0,0.0,0.0,0.0,0.0,0.0,0.0,0.0,0.0,1.0,1.0,0.0,0.0,0.0,0.0,0.0,0.0,1.0,0.0,0.0,0.0,1.0,1.0,0.0
-0.7860203152282119,-0.6726076251250431,-0.46508427634374117,-0.46618317148792077,-0.5563385795422586,-0.5490821079184883,-0.35035513637932103,0.0,1.0,0.0,0.0,1.0,0.0,0.0,1.0,0.0,0.0,0.0,0.0,0.0,0.0,0.0,0.0,0.0,0.0,1.0,0.0,0.0,0.0,0.0,1.0,0.0,0.0,1.0,0.0,0.0,0.0,1.0,1.0,0.0
-0.25493235849345375,-0.7760688007863252,-0.46508427634374117,-0.46618317148792077,-0.5563385795422586,-0.5490821079184883,-0.4939952725923573,0.0,1.0,0.0,0.0,1.0,0.0,0.0,1.0,0.0,0.0,0.0,0.0,0.0,0.0,0.0,0.0,0.0,0.0,1.0,1.0,0.0,0.0,0.0,0.0,0.0,0.0,1.0,0.0,0.0,0.0,1.0,1.0,0.0
-0.5584111909133156,-0.790704010470588,-0.46508427634374117,-0.46618317148792077,-0.5563385795422586,-0.5490821079184883,-0.5143140395029151,1.0,0.0,0.0,1.0,0.0,0.0,1.0,0.0,0.0,0.0,0.0,0.0,0.0,0.0,0.0,0.0,0.0,0.0,1.0,1.0,0.0,0.0,0.0,0.0,0.0,1.0,0.0,0.0,0.0,0.0,1.0,1.0,0.0
-0.10319294228352285,-0.06991993352064324,-0.46508427634374117,-0.46618317148792077,-0.5563385795422586,-0.5490821079184883,0.4863852308420546,0.0,1.0,0.0,0.0,1.0,0.0,0.0,1.0,0.0,0.0,0.0,0.0,0.0,0.0,0.0,0.0,0.0,0.0,1.0,1.0,0.0,0.0,0.0,0.0,1.0,0.0,0.0,0.0,0.0,0.0,1.0,1.0,0.0
1.869419468445579,-0.04674751818722701,0.4783345406270387,3.1157134267070385,1.9626634467476503,-0.5490821079184883,-0.7276610920637716,1.0,0.0,0.0,0.0,1.0,0.0,0.0,0.0,1.0,0.0,0.0,0.0,0.0,0.0,0.0,0.0,0.0,0.0,1.0,0.0,0.0,1.0,0.0,0.0,1.0,0.0,0.0,0.0,0.0,1.0,0.0,0.0,0.0
0.883113263081028,-0.8211940306461356,-0.46508427634374117,-0.46618317148792077,-0.5563385795422586,-0.5490821079184883,-0.5566448038999104,0.0,1.0,0.0,0.0,1.0,0.0,0.0,1.0,0.0,0.0,0.0,0.0,0.0,0.0,0.0,0.0,0.0,0.0,1.0,0.0,0.0,1.0,0.0,0.0,0.0,1.0,0.0,0.0,0.0,0.0,1.0,1.0,0.0
-0.06525808823104012,-0.8161107344824684,-0.46508427634374117,-0.46618317148792077,-0.5563385795422586,-0.5490821079184883,-0.5495874188596434,0.0,1.0,1.0,0.0,0.0,0.0,0.0,1.0,0.0,0.0,0.0,0.0,0.0,0.0,0.0,0.0,0.0,0.0,1.0,1.0,0.0,0.0,0.0,0.0,0.0,1.0,0.0,0.0,0.0,0.0,1.0,1.0,0.0
-0.25493235849345375,-0.7835912985640363,-0.46508427634374117,-0.46618317148792077,-0.5563385795422586,-0.5490821079184883,-0.5044391187843841,0.0,1.0,1.0,0.0,0.0,0.0,0.0,1.0,0.0,0.0,0.0,0.0,0.0,0.0,0.0,0.0,0.0,0.0,1.0,1.0,0.0,0.0,0.0,0.0,0.0,1.0,0.0,0.0,0.0,0.0,1.0,1.0,0.0
-0.634280899018281,-0.6077638894173025,0.4783345406270387,-0.46618317148792077,0.07341192703021858,-0.5490821079184883,-0.6497724855733003,0.0,1.0,0.0,0.0,1.0,0.0,0.0,1.0,0.0,0.0,0.0,0.0,0.0,0.0,0.0,0.0,0.0,0.0,1.0,1.0,0.0,0.0,0.0,0.0,0.0,0.0,1.0,0.0,0.0,1.0,0.0,0.0,0.0
0.8072435549760626,0.7337969983067911,0.4783345406270387,0.7277823612437324,0.7031624336026958,0.3517161889431792,-0.1587356185681543,1.0,0.0,0.0,0.0,1.0,0.0,0.0,0.0,1.0,0.0,0.0,0.0,0.0,0.0,0.0,0.0,0.0,0.0,1.0,1.0,0.0,0.0,0.0,0.0,0.0,0.0,0.0,1.0,0.0,1.0,0.0,0.0,0.0
0.5037647225562008,-0.6565479216981787,-0.46508427634374117,-0.46618317148792077,-0.5563385795422586,-0.5490821079184883,-0.32805867615613565,0.0,1.0,0.0,0.0,1.0,0.0,0.0,1.0,0.0,0.0,0.0,0.0,0.0,0.0,0.0,0.0,0.0,0.0,1.0,1.0,0.0,0.0,0.0,0.0,0.0,0.0,1.0,0.0,0.0,1.0,0.0,1.0,0.0
-0.0273232341785574,0.0996045786554014,0.4783345406270387,-0.46618317148792077,0.07341192703021858,-0.5490821079184883,-0.1587356185681543,1.0,0.0,0.0,0.0,1.0,0.0,0.0,0.0,1.0,0.0,0.0,0.0,0.0,0.0,0.0,0.0,0.0,0.0,1.0,1.0,0.0,0.0,0.0,0.0,1.0,0.0,0.0,0.0,0.0,1.0,0.0,0.0,0.0
-1.0894991476480738,-0.46364610125313827,0.4783345406270387,-0.46618317148792077,0.07341192703021858,0.3517161889431792,-0.5497296502280173,1.0,0.0,1.0,0.0,0.0,0.0,0.0,0.0,1.0,0.0,0.0,0.0,0.0,0.0,0.0,0.0,0.0,0.0,1.0,0.0,0.0,0.0,0.0,1.0,1.0,0.0,0.0,0.0,0.0,0.0,1.0,0.0,0.0
0.8451784090285454,-0.790704010470588,-0.46508427634374117,-0.46618317148792077,-0.5563385795422586,-0.5490821079184883,-0.5143140395029151,0.0,1.0,0.0,1.0,0.0,0.0,0.0,1.0,0.0,0.0,0.0,0.0,0.0,0.0,0.0,0.0,0.0,0.0,1.0,0.0,0.0,1.0,0.0,0.0,0.0,1.0,0.0,0.0,0.0,0.0,1.0,1.0,0.0
-0.0273232341785574,-0.790704010470588,-0.46508427634374117,-0.46618317148792077,-0.5563385795422586,-0.5490821079184883,-0.5143140395029151,0.0,1.0,0.0,1.0,0.0,0.0,0.0,1.0,0.0,0.0,0.0,0.0,0.0,0.0,0.0,0.0,0.0,0.0,1.0,1.0,0.0,0.0,0.0,0.0,0.0,1.0,0.0,0.0,0.0,0.0,1.0,1.0,0.0
0.2761555982413044,0.0996045786554014,-0.46508427634374117,1.9217478939753856,0.7031624336026958,-0.5490821079184883,-0.452228918387322,1.0,0.0,0.0,0.0,1.0,0.0,0.0,0.0,1.0,0.0,0.0,0.0,0.0,0.0,0.0,0.0,0.0,0.0,1.0,1.0,0.0,0.0,0.0,0.0,1.0,0.0,0.0,0.0,0.0,1.0,0.0,0.0,0.0
-0.7860203152282119,-0.7760688007863252,-0.46508427634374117,-0.46618317148792077,-0.5563385795422586,-0.5490821079184883,-0.4939952725923573,0.0,1.0,0.0,0.0,1.0,0.0,0.0,1.0,0.0,0.0,0.0,0.0,0.0,0.0,0.0,0.0,0.0,0.0,1.0,0.0,0.0,0.0,0.0,1.0,0.0,0.0,1.0,0.0,0.0,0.0,1.0,1.0,0.0
0.42789501445123534,-0.6565479216981787,-0.46508427634374117,-0.46618317148792077,-0.5563385795422586,-0.5490821079184883,-0.32805867615613565,0.0,1.0,0.0,0.0,1.0,0.0,0.0,1.0,0.0,0.0,0.0,0.0,0.0,0.0,0.0,0.0,0.0,0.0,1.0,1.0,0.0,0.0,0.0,0.0,0.0,0.0,1.0,0.0,0.0,1.0,0.0,1.0,0.0
-0.8618900233331774,2.0341987979955096,1.4217533575978185,1.9217478939753856,1.9626634467476503,0.3517161889431792,-0.14984548075255483,1.0,0.0,1.0,0.0,0.0,0.0,1.0,0.0,0.0,0.0,0.0,1.0,0.0,0.0,0.0,0.0,0.0,0.0,0.0,0.0,0.0,0.0,0.0,1.0,0.0,0.0,0.0,1.0,1.0,0.0,0.0,0.0,0.0
-0.8618900233331774,-0.3004244860477829,0.4783345406270387,-0.46618317148792077,0.07341192703021858,-0.5490821079184883,-0.4364254330124437,1.0,0.0,0.0,0.0,1.0,0.0,0.0,0.0,1.0,0.0,0.0,0.0,0.0,0.0,0.0,0.0,0.0,0.0,1.0,0.0,0.0,0.0,0.0,1.0,1.0,0.0,0.0,0.0,0.0,0.0,1.0,0.0,0.0
0.8072435549760626,0.89966270806177,-0.46508427634374117,-0.46618317148792077,-0.5563385795422586,-0.5490821079184883,1.8325035386665063,0.0,1.0,0.0,0.0,1.0,0.0,0.0,1.0,0.0,0.0,0.0,0.0,0.0,0.0,0.0,0.0,0.0,0.0,1.0,1.0,0.0,0.0,0.0,0.0,0.0,0.0,0.0,1.0,1.0,0.0,0.0,1.0,0.0
-0.25493235849345375,-0.7915187038096787,-0.46508427634374117,-0.46618317148792077,-0.5563385795422586,-0.5490821079184883,-0.5154451175276028,0.0,1.0,0.0,1.0,0.0,0.0,0.0,1.0,0.0,0.0,0.0,0.0,0.0,0.0,0.0,0.0,0.0,0.0,1.0,1.0,0.0,0.0,0.0,0.0,0.0,1.0,0.0,0.0,0.0,0.0,1.0,1.0,0.0
-0.25493235849345375,-0.7760688007863252,-0.46508427634374117,-0.46618317148792077,-0.5563385795422586,-0.5490821079184883,-0.4939952725923573,0.0,1.0,0.0,0.0,1.0,0.0,0.0,1.0,0.0,0.0,0.0,0.0,0.0,0.0,0.0,0.0,0.0,0.0,1.0,1.0,0.0,0.0,0.0,0.0,0.0,0.0,1.0,0.0,0.0,0.0,1.0,1.0,0.0
-0.634280899018281,2.0341987979955096,-0.46508427634374117,0.7277823612437324,0.07341192703021858,0.3517161889431792,1.1842095751570987,0.0,1.0,0.0,0.0,1.0,0.0,0.0,1.0,0.0,0.0,0.0,0.0,0.0,1.0,0.0,0.0,0.0,0.0,0.0,1.0,0.0,0.0,0.0,0.0,0.0,0.0,0.0,1.0,1.0,0.0,0.0,0.0,0.0
-0.5963460449657983,-0.7868403151139427,-0.46508427634374117,-0.46618317148792077,-0.5563385795422586,-0.5490821079184883,-0.5089498850385279,1.0,0.0,0.0,1.0,0.0,0.0,1.0,0.0,0.0,0.0,0.0,0.0,0.0,0.0,0.0,0.0,0.0,0.0,1.0,1.0,0.0,0.0,0.0,0.0,0.0,1.0,0.0,0.0,0.0,0.0,1.0,1.0,0.0
0.7313738468710972,2.0341987979955096,0.4783345406270387,0.7277823612437324,0.7031624336026958,1.2525144858048467,0.4430678774295135,1.0,0.0,1.0,0.0,0.0,0.0,0.0,0.0,1.0,0.0,0.0,0.0,1.0,0.0,0.0,0.0,0.0,0.0,0.0,1.0,0.0,0.0,0.0,0.0,0.0,0.0,0.0,1.0,1.0,0.0,0.0,0.0,0.0
-0.7101506071232465,-0.7856207143069208,-0.46508427634374117,-0.46618317148792077,-0.5563385795422586,-0.5490821079184883,-0.5072566544626481,0.0,1.0,0.0,0.0,1.0,0.0,0.0,1.0,0.0,0.0,0.0,0.0,0.0,0.0,0.0,0.0,0.0,0.0,1.0,0.0,0.0,0.0,0.0,1.0,0.0,1.0,0.0,0.0,0.0,0.0,1.0,1.0,0.0
2.1728983008654406,0.2801054980946431,-0.46508427634374117,-0.46618317148792077,-0.5563385795422586,-0.5490821079184883,0.9723424061195611,0.0,1.0,1.0,0.0,0.0,0.0,0.0,1.0,0.0,0.0,0.0,1.0,0.0,0.0,0.0,0.0,0.0,0.0,0.0,0.0,0.0,1.0,0.0,0.0,1.0,0.0,0.0,0.0,1.0,0.0,0.0,1.0,0.0
1.4900709279207516,1.6084556698770756,0.4783345406270387,-0.46618317148792077,0.07341192703021858,0.3517161889431792,0.8886697239818844,0.0,1.0,1.0,0.0,0.0,0.0,0.0,0.0,0.0,1.0,1.0,0.0,0.0,0.0,0.0,0.0,0.0,0.0,0.0,0.0,0.0,1.0,0.0,0.0,0.0,0.0,0.0,1.0,1.0,0.0,0.0,0.0,0.0
-1.8481962286977283,-0.22928273177258132,1.4217533575978185,0.7277823612437324,1.3329129401751731,1.2525144858048467,-0.7131280940309952,1.0,0.0,1.0,0.0,0.0,0.0,1.0,0.0,0.0,0.0,0.0,0.0,0.0,0.0,0.0,0.0,0.0,0.0,1.0,0.0,1.0,0.0,0.0,0.0,1.0,0.0,0.0,0.0,0.0,0.0,1.0,0.0,1.0
0.7313738468710972,2.0341987979955096,0.4783345406270387,0.7277823612437324,0.7031624336026958,1.2525144858048467,0.4430678774295135,1.0,0.0,0.0,0.0,1.0,0.0,0.0,0.0,1.0,0.0,0.0,0.0,0.0,0.0,1.0,0.0,0.0,0.0,0.0,1.0,0.0,0.0,0.0,0.0,0.0,0.0,0.0,1.0,1.0,0.0,0.0,0.0,0.0
-0.9377597314381428,-0.7461885810142886,-0.46508427634374117,-0.46618317148792077,-0.5563385795422586,-0.5490821079184883,-0.45251112348330197,0.0,1.0,0.0,0.0,1.0,0.0,0.0,1.0,0.0,0.0,0.0,0.0,0.0,0.0,0.0,0.0,0.0,0.0,1.0,0.0,0.0,0.0,0.0,1.0,0.0,0.0,1.0,0.0,0.0,0.0,1.0,1.0,0.0
2.703986257600199,1.8548150328955,-0.46508427634374117,0.7277823612437324,0.07341192703021858,-0.5490821079184883,1.0596860121457454,0.0,1.0,1.0,0.0,0.0,0.0,0.0,1.0,0.0,0.0,0.0,1.0,0.0,0.0,0.0,0.0,0.0,0.0,0.0,0.0,0.0,0.0,1.0,0.0,0.0,0.0,0.0,1.0,1.0,0.0,0.0,0.0,0.0
0.42789501445123534,2.0341987979955096,0.4783345406270387,-0.46618317148792077,0.07341192703021858,0.3517161889431792,1.1842095751570987,1.0,0.0,0.0,0.0,1.0,0.0,0.0,0.0,1.0,0.0,0.0,0.0,0.0,0.0,0.0,0.0,0.0,0.0,1.0,1.0,0.0,0.0,0.0,0.0,0.0,0.0,0.0,1.0,1.0,0.0,0.0,0.0,0.0
0.42789501445123534,2.0341987979955096,-0.46508427634374117,-0.46618317148792077,-0.5563385795422586,1.2525144858048467,3.407634668339855,1.0,0.0,1.0,0.0,0.0,0.0,1.0,0.0,0.0,0.0,0.0,0.0,0.0,0.0,0.0,0.0,0.0,0.0,1.0,1.0,0.0,0.0,0.0,0.0,0.0,0.0,0.0,1.0,1.0,0.0,0.0,1.0,0.0
-0.634280899018281,-0.7760688007863252,-0.46508427634374117,-0.46618317148792077,-0.5563385795422586,-0.5490821079184883,-0.4939952725923573,0.0,1.0,0.0,0.0,1.0,0.0,0.0,1.0,0.0,0.0,0.0,0.0,0.0,0.0,0.0,0.0,0.0,0.0,1.0,1.0,0.0,0.0,0.0,0.0,0.0,0.0,1.0,0.0,0.0,0.0,1.0,1.0,0.0
0.1244161820313735,1.294608476601287,-0.46508427634374117,-0.46618317148792077,-0.5563385795422586,-0.5490821079184883,2.380825782514818,0.0,1.0,0.0,0.0,1.0,0.0,0.0,1.0,0.0,0.0,1.0,0.0,0.0,0.0,0.0,0.0,0.0,0.0,0.0,1.0,0.0,0.0,0.0,0.0,0.0,0.0,0.0,1.0,1.0,0.0,0.0,1.0,0.0
0.20028589013633896,-0.7821668048214347,-0.46508427634374117,-0.46618317148792077,-0.5563385795422586,-0.5490821079184883,-0.5024614254717564,0.0,1.0,0.0,0.0,1.0,0.0,0.0,1.0,0.0,0.0,0.0,0.0,0.0,0.0,0.0,0.0,0.0,0.0,1.0,1.0,0.0,0.0,0.0,0.0,0.0,0.0,1.0,0.0,0.0,0.0,1.0,1.0,0.0
0.7313738468710972,-0.5345878409959883,-0.46508427634374117,-0.46618317148792077,-0.5563385795422586,-0.5490821079184883,-0.1587356185681543,0.0,1.0,0.0,0.0,1.0,0.0,0.0,1.0,0.0,0.0,0.0,0.0,0.0,0.0,0.0,0.0,0.0,0.0,1.0,1.0,0.0,0.0,0.0,0.0,0.0,0.0,1.0,0.0,0.0,1.0,0.0,1.0,0.0
-0.7101506071232465,-0.7760688007863252,-0.46508427634374117,-0.46618317148792077,-0.5563385795422586,-0.5490821079184883,-0.4939952725923573,0.0,1.0,0.0,0.0,1.0,0.0,0.0,1.0,0.0,0.0,0.0,0.0,0.0,0.0,0.0,0.0,0.0,0.0,1.0,0.0,0.0,0.0,0.0,1.0,0.0,0.0,1.0,0.0,0.0,0.0,1.0,1.0,0.0
0.3520253063462699,-0.5345878409959883,-0.46508427634374117,-0.46618317148792077,-0.5563385795422586,-0.5490821079184883,-0.1587356185681543,0.0,1.0,0.0,0.0,1.0,0.0,0.0,1.0,0.0,0.0,0.0,0.0,0.0,1.0,0.0,0.0,0.0,0.0,0.0,1.0,0.0,0.0,0.0,0.0,0.0,0.0,1.0,0.0,0.0,1.0,0.0,1.0,0.0
1.3383315117108208,0.07948116533953992,-0.46508427634374117,-0.46618317148792077,-0.5563385795422586,-0.5490821079184883,0.6938059763873318,0.0,1.0,0.0,0.0,1.0,0.0,0.0,1.0,0.0,0.0,0.0,0.0,0.0,0.0,1.0,0.0,0.0,0.0,0.0,0.0,0.0,1.0,0.0,0.0,1.0,0.0,0.0,0.0,1.0,0.0,0.0,1.0,0.0
0.5037647225562008,0.11362998793615335,-0.46508427634374117,-0.46618317148792077,-0.5563385795422586,-0.5490821079184883,0.7412164325119667,0.0,1.0,0.0,0.0,1.0,0.0,0.0,1.0,0.0,0.0,0.0,0.0,0.0,0.0,1.0,0.0,0.0,0.0,0.0,1.0,0.0,0.0,0.0,0.0,1.0,0.0,0.0,0.0,1.0,0.0,0.0,1.0,0.0
-0.634280899018281,-0.3833573409252723,-0.46508427634374117,-0.46618317148792077,-0.5563385795422586,0.3517161889431792,0.05122497284094269,0.0,1.0,0.0,0.0,1.0,0.0,0.0,1.0,0.0,0.0,0.0,0.0,0.0,0.0,0.0,0.0,0.0,0.0,1.0,1.0,0.0,0.0,0.0,0.0,1.0,0.0,0.0,0.0,0.0,0.0,1.0,1.0,0.0
-0.25493235849345375,-0.7760688007863252,-0.46508427634374117,-0.46618317148792077,-0.5563385795422586,-0.5490821079184883,-0.4939952725923573,0.0,1.0,0.0,0.0,1.0,0.0,0.0,1.0,0.0,0.0,0.0,0.0,0.0,0.0,0.0,0.0,0.0,0.0,1.0,1.0,0.0,0.0,0.0,0.0,0.0,0.0,1.0,0.0,0.0,0.0,1.0,1.0,0.0
-0.25493235849345375,-0.7835912985640363,-0.46508427634374117,-0.46618317148792077,-0.5563385795422586,-0.5490821079184883,-0.5044391187843841,0.0,1.0,0.0,0.0,1.0,0.0,0.0,1.0,0.0,0.0,0.0,0.0,0.0,0.0,0.0,0.0,0.0,0.0,1.0,1.0,0.0,0.0,0.0,0.0,0.0,1.0,0.0,0.0,0.0,0.0,1.0,1.0,0.0
0.048546473926408054,-0.7461885810142886,-0.46508427634374117,-0.46618317148792077,-0.5563385795422586,-0.5490821079184883,-0.45251112348330197,1.0,0.0,0.0,0.0,1.0,0.0,1.0,0.0,0.0,0.0,0.0,0.0,0.0,0.0,0.0,0.0,0.0,0.0,1.0,1.0,0.0,0.0,0.0,0.0,0.0,0.0,1.0,0.0,0.0,0.0,1.0,1.0,0.0
-0.25493235849345375,-0.7835912985640363,-0.46508427634374117,-0.46618317148792077,-0.5563385795422586,-0.5490821079184883,-0.5044391187843841,0.0,1.0,0.0,0.0,1.0,0.0,0.0,1.0,0.0,0.0,0.0,0.0,0.0,0.0,0.0,0.0,0.0,0.0,1.0,1.0,0.0,0.0,0.0,0.0,0.0,1.0,0.0,0.0,0.0,0.0,1.0,1.0,0.0
-0.25493235849345375,-0.816315627418048,-0.46508427634374117,-0.46618317148792077,-0.5563385795422586,-0.5490821079184883,-0.5498718815963912,0.0,1.0,1.0,0.0,0.0,0.0,0.0,1.0,0.0,0.0,0.0,0.0,0.0,0.0,0.0,0.0,0.0,0.0,1.0,1.0,0.0,0.0,0.0,0.0,0.0,1.0,0.0,0.0,0.0,0.0,1.0,1.0,0.0
0.2761555982413044,-0.74659348848222,-0.46508427634374117,-0.46618317148792077,-0.5563385795422586,-0.5490821079184883,-0.45307327603449404,0.0,1.0,0.0,0.0,1.0,0.0,0.0,1.0,0.0,0.0,0.0,0.0,0.0,0.0,0.0,0.0,0.0,0.0,1.0,1.0,0.0,0.0,0.0,0.0,0.0,0.0,1.0,0.0,0.0,0.0,1.0,1.0,0.0
0.048546473926408054,1.6084556698770756,-0.46508427634374117,-0.46618317148792077,-0.5563385795422586,0.3517161889431792,2.816554965989426,1.0,0.0,1.0,0.0,0.0,0.0,1.0,0.0,0.0,0.0,0.0,0.0,0.0,0.0,1.0,0.0,0.0,0.0,0.0,1.0,0.0,0.0,0.0,0.0,0.0,0.0,0.0,1.0,1.0,0.0,0.0,1.0,0.0
-2.15167506111759,0.7337969983067911,1.4217533575978185,0.7277823612437324,1.3329129401751731,0.3517161889431792,-0.37885559343253006,0.0,1.0,0.0,0.0,1.0,1.0,0.0,0.0,0.0,0.0,0.0,0.0,0.0,0.0,0.0,1.0,0.0,0.0,0.0,0.0,1.0,0.0,0.0,0.0,0.0,0.0,0.0,1.0,0.0,1.0,0.0,0.0,1.0
-0.7101506071232465,-0.7461885810142886,-0.46508427634374117,-0.46618317148792077,-0.5563385795422586,-0.5490821079184883,-0.45251112348330197,1.0,0.0,0.0,0.0,1.0,0.0,1.0,0.0,0.0,0.0,0.0,0.0,0.0,0.0,0.0,0.0,0.0,0.0,1.0,0.0,0.0,0.0,0.0,1.0,0.0,0.0,1.0,0.0,0.0,0.0,1.0,1.0,0.0
0.3520253063462699,0.41670078848109626,0.4783345406270387,0.7277823612437324,0.7031624336026958,-0.5490821079184883,-0.3054822684777381,1.0,0.0,0.0,0.0,1.0,0.0,0.0,0.0,1.0,0.0,0.0,0.0,0.0,0.0,0.0,0.0,0.0,0.0,1.0,1.0,0.0,0.0,0.0,0.0,0.0,0.0,0.0,1.0,0.0,1.0,0.0,0.0,0.0
1.18659209550089,0.5630528853237247,-0.46508427634374117,-0.46618317148792077,-0.5563385795422586,-0.5490821079184883,1.3651718997236777,0.0,1.0,0.0,0.0,1.0,0.0,0.0,1.0,0.0,0.0,0.0,0.0,0.0,0.0,0.0,0.0,0.0,1.0,0.0,0.0,0.0,1.0,0.0,0.0,0.0,0.0,0.0,1.0,1.0,0.0,0.0,1.0,0.0
0.5037647225562008,-0.5345878409959883,-0.46508427634374117,-0.46618317148792077,-0.5563385795422586,-0.5490821079184883,-0.1587356185681543,1.0,0.0,0.0,0.0,1.0,0.0,0.0,0.0,1.0,0.0,0.0,0.0,0.0,1.0,0.0,0.0,0.0,0.0,0.0,1.0,0.0,0.0,0.0,0.0,0.0,0.0,1.0,0.0,0.0,1.0,0.0,1.0,0.0
0.7313738468710972,-0.7821668048214347,-0.46508427634374117,-0.46618317148792077,-0.5563385795422586,-0.5490821079184883,-0.5024614254717564,0.0,1.0,0.0,0.0,1.0,0.0,0.0,1.0,0.0,0.0,0.0,0.0,0.0,0.0,0.0,0.0,0.0,0.0,1.0,1.0,0.0,0.0,0.0,0.0,0.0,0.0,1.0,0.0,0.0,0.0,1.0,1.0,0.0
-0.7101506071232465,-0.4008366596915103,0.4783345406270387,0.7277823612437324,0.7031624336026958,0.3517161889431792,-0.6838244812746272,0.0,1.0,1.0,0.0,0.0,0.0,0.0,1.0,0.0,0.0,0.0,0.0,0.0,0.0,0.0,0.0,0.0,0.0,1.0,0.0,0.0,0.0,0.0,1.0,1.0,0.0,0.0,0.0,0.0,0.0,1.0,0.0,0.0
0.3899601603987526,-0.8547330528392381,-0.46508427634374117,-0.46618317148792077,-0.5563385795422586,-0.5490821079184883,-0.6032086447366053,0.0,1.0,1.0,0.0,0.0,0.0,0.0,1.0,0.0,0.0,0.0,0.0,0.0,0.0,0.0,0.0,0.0,0.0,1.0,1.0,0.0,0.0,0.0,0.0,0.0,1.0,0.0,0.0,0.0,0.0,1.0,1.0,0.0
-0.10319294228352285,-0.7053319539790548,-0.46508427634374117,-0.46618317148792077,-0.5563385795422586,-0.5490821079184883,-0.3957878991913282,0.0,1.0,0.0,0.0,1.0,0.0,0.0,1.0,0.0,0.0,0.0,0.0,0.0,0.0,0.0,0.0,0.0,0.0,1.0,1.0,0.0,0.0,0.0,0.0,0.0,0.0,1.0,0.0,0.0,0.0,1.0,1.0,0.0
-0.25493235849345375,-0.03455151011700798,1.4217533575978185,-0.46618317148792077,0.7031624336026958,0.3517161889431792,-0.5143140395029151,0.0,1.0,0.0,1.0,0.0,0.0,0.0,1.0,0.0,0.0,0.0,0.0,0.0,0.0,0.0,0.0,0.0,0.0,1.0,1.0,0.0,0.0,0.0,0.0,1.0,0.0,0.0,0.0,0.0,0.0,1.0,0.0,0.0
-0.25493235849345375,-0.7760688007863252,-0.46508427634374117,-0.46618317148792077,-0.5563385795422586,-0.5490821079184883,-0.4939952725923573,0.0,1.0,0.0,0.0,1.0,0.0,0.0,1.0,0.0,0.0,0.0,0.0,0.0,0.0,0.0,0.0,0.0,0.0,1.0,1.0,0.0,0.0,0.0,0.0,0.0,0.0,1.0,0.0,0.0,0.0,1.0,1.0,0.0
-1.4688476881729011,0.009354118935780474,-0.46508427634374117,1.9217478939753856,0.7031624336026958,0.3517161889431792,-0.4939952725923574,1.0,0.0,0.0,0.0,1.0,0.0,1.0,0.0,0.0,0.0,0.0,0.0,0.0,0.0,0.0,0.0,0.0,0.0,1.0,0.0,1.0,0.0,0.0,0.0,1.0,0.0,0.0,0.0,0.0,0.0,1.0,0.0,1.0
-1.5447173962778664,-0.42502866129959677,0.4783345406270387,0.7277823612437324,0.7031624336026958,0.3517161889431792,-0.6950201218423445,1.0,0.0,1.0,0.0,0.0,0.0,1.0,0.0,0.0,0.0,0.0,0.0,0.0,0.0,0.0,0.0,0.0,0.0,1.0,0.0,1.0,0.0,0.0,0.0,1.0,0.0,0.0,0.0,0.0,0.0,1.0,0.0,1.0
-0.25493235849345375,-0.7835912985640363,-0.46508427634374117,-0.46618317148792077,-0.5563385795422586,-0.5490821079184883,-0.5044391187843841,0.0,1.0,0.0,0.0,1.0,0.0,0.0,1.0,0.0,0.0,0.0,0.0,0.0,0.0,0.0,0.0,0.0,0.0,1.0,1.0,0.0,0.0,0.0,0.0,0.0,1.0,0.0,0.0,0.0,0.0,1.0,1.0,0.0
-0.6722157530707638,-0.8150960266110261,-0.46508427634374117,-0.46618317148792077,-0.5563385795422586,-0.5490821079184883,-0.5481786510205114,0.0,1.0,0.0,0.0,1.0,0.0,0.0,1.0,0.0,0.0,0.0,0.0,0.0,0.0,0.0,0.0,0.0,0.0,1.0,1.0,0.0,0.0,0.0,0.0,0.0,1.0,0.0,0.0,0.0,0.0,1.0,1.0,0.0
0.42789501445123534,1.3679894179581809,0.4783345406270387,-0.46618317148792077,0.07341192703021858,-0.5490821079184883,0.7217442808893487,1.0,0.0,0.0,0.0,1.0,0.0,0.0,0.0,1.0,0.0,0.0,0.0,1.0,0.0,0.0,0.0,0.0,0.0,0.0,1.0,0.0,0.0,0.0,0.0,0.0,0.0,0.0,1.0,1.0,0.0,0.0,0.0,0.0
0.5037647225562008,2.0341987979955096,-0.46508427634374117,-0.46618317148792077,-0.5563385795422586,1.2525144858048467,3.407634668339855,1.0,0.0,1.0,0.0,0.0,0.0,1.0,0.0,0.0,0.0,0.0,0.0,1.0,0.0,0.0,0.0,0.0,0.0,0.0,1.0,0.0,0.0,0.0,0.0,0.0,0.0,0.0,1.0,1.0,0.0,0.0,1.0,0.0
-0.25493235849345375,-0.7760688007863252,-0.46508427634374117,-0.46618317148792077,-0.5563385795422586,-0.5490821079184883,-0.4939952725923573,0.0,1.0,0.0,0.0,1.0,0.0,0.0,1.0,0.0,0.0,0.0,0.0,0.0,0.0,0.0,0.0,0.0,0.0,1.0,1.0,0.0,0.0,0.0,0.0,0.0,0.0,1.0,0.0,0.0,0.0,1.0,1.0,0.0
-0.25493235849345375,-0.8004608169267633,-0.46508427634374117,-0.46618317148792077,-0.5563385795422586,-0.5490821079184883,-0.5278598841099537,0.0,1.0,0.0,0.0,1.0,0.0,0.0,1.0,0.0,0.0,0.0,0.0,0.0,0.0,0.0,0.0,0.0,0.0,1.0,1.0,0.0,0.0,0.0,0.0,0.0,1.0,0.0,0.0,0.0,0.0,1.0,1.0,0.0
-0.7101506071232465,-0.7461885810142886,-0.46508427634374117,-0.46618317148792077,-0.5563385795422586,-0.5490821079184883,-0.45251112348330197,0.0,1.0,0.0,0.0,1.0,0.0,0.0,1.0,0.0,0.0,0.0,0.0,0.0,0.0,0.0,0.0,0.0,0.0,1.0,0.0,0.0,0.0,0.0,1.0,0.0,0.0,1.0,0.0,0.0,0.0,1.0,1.0,0.0
-0.5584111909133156,-0.6557332283590881,-0.46508427634374117,-0.46618317148792077,-0.5563385795422586,-0.5490821079184883,-0.3269275981314479,1.0,0.0,0.0,0.0,1.0,0.0,1.0,0.0,0.0,0.0,0.0,0.0,0.0,0.0,0.0,0.0,0.0,0.0,1.0,1.0,0.0,0.0,0.0,0.0,0.0,0.0,1.0,0.0,0.0,0.0,1.0,1.0,0.0
0.7313738468710972,-0.5345878409959883,-0.46508427634374117,-0.46618317148792077,-0.5563385795422586,-0.5490821079184883,-0.1587356185681543,0.0,1.0,0.0,0.0,1.0,0.0,0.0,1.0,0.0,0.0,0.0,0.0,0.0,0.0,0.0,0.0,0.0,0.0,1.0,1.0,0.0,0.0,0.0,0.0,0.0,0.0,1.0,0.0,0.0,1.0,0.0,1.0,0.0
0.5796344306611663,-0.7010633511544782,-0.46508427634374117,-0.46618317148792077,-0.5563385795422586,-0.5490821079184883,-0.3898615921757488,1.0,0.0,0.0,0.0,1.0,0.0,1.0,0.0,0.0,0.0,0.0,0.0,0.0,0.0,0.0,0.0,0.0,0.0,1.0,1.0,0.0,0.0,0.0,0.0,0.0,0.0,1.0,0.0,0.0,0.0,1.0,1.0,0.0
1.4142012198157863,2.002181837609571,0.4783345406270387,1.9217478939753856,1.3329129401751731,0.3517161889431792,0.06138435629622147,1.0,0.0,0.0,0.0,1.0,0.0,0.0,0.0,1.0,0.0,0.0,0.0,0.0,0.0,0.0,0.0,0.0,0.0,1.0,0.0,0.0,1.0,0.0,0.0,0.0,0.0,0.0,1.0,0.0,1.0,0.0,0.0,0.0
-0.48254148280835013,-0.5345878409959883,-0.46508427634374117,-0.46618317148792077,-0.5563385795422586,-0.5490821079184883,-0.1587356185681543,0.0,1.0,0.0,0.0,1.0,0.0,0.0,1.0,0.0,0.0,0.0,0.0,0.0,0.0,0.0,0.0,0.0,0.0,1.0,1.0,0.0,0.0,0.0,0.0,0.0,0.0,1.0,0.0,0.0,1.0,0.0,1.0,0.0
-0.5963460449657983,-0.791313810874099,-0.46508427634374117,-0.46618317148792077,-0.5563385795422586,-0.5490821079184883,-0.515160654790855,1.0,0.0,0.0,1.0,0.0,0.0,1.0,0.0,0.0,0.0,0.0,0.0,0.0,0.0,0.0,0.0,0.0,0.0,1.0,1.0,0.0,0.0,0.0,0.0,0.0,1.0,0.0,0.0,0.0,0.0,1.0,1.0,0.0
3.026371214189201,-0.6565479216981787,-0.46508427634374117,-0.46618317148792077,-0.5563385795422586,-0.5490821079184883,-0.32805867615613565,0.0,1.0,0.0,0.0,1.0,0.0,0.0,1.0,0.0,0.0,0.0,0.0,0.0,0.0,0.0,0.0,0.0,0.0,1.0,0.0,0.0,0.0,1.0,0.0,0.0,0.0,1.0,0.0,0.0,1.0,0.0,1.0,0.0
0.20028589013633896,-0.41262776029379805,0.4783345406270387,0.7277823612437324,0.7031624336026958,0.3517161889431792,-0.6892811990104959,1.0,0.0,0.0,1.0,0.0,0.0,0.0,0.0,1.0,0.0,0.0,0.0,0.0,0.0,0.0,0.0,0.0,0.0,1.0,1.0,0.0,0.0,0.0,0.0,1.0,0.0,0.0,0.0,0.0,0.0,1.0,0.0,0.0
-1.0136294395431082,-0.1809036069596364,0.4783345406270387,0.7277823612437324,0.7031624336026958,-0.5490821079184883,-0.5820432625381077,0.0,1.0,0.0,0.0,1.0,0.0,0.0,1.0,0.0,0.0,0.0,0.0,0.0,0.0,0.0,0.0,0.0,0.0,1.0,0.0,0.0,0.0,0.0,1.0,1.0,0.0,0.0,0.0,0.0,0.0,1.0,0.0,0.0
-0.634280899018281,2.0341987979955096,-0.46508427634374117,-0.46618317148792077,-0.5563385795422586,3.0541110795281816,3.407634668339855,0.0,1.0,0.0,0.0,1.0,0.0,0.0,1.0,0.0,0.0,0.0,0.0,0.0,0.0,0.0,0.0,0.0,0.0,1.0,1.0,0.0,0.0,0.0,0.0,0.0,0.0,0.0,1.0,0.0,1.0,0.0,1.0,0.0
-0.25493235849345375,-0.8150960266110261,-0.46508427634374117,-0.46618317148792077,-0.5563385795422586,-0.5490821079184883,-0.5481786510205114,0.0,1.0,0.0,0.0,1.0,0.0,0.0,1.0,0.0,0.0,0.0,0.0,0.0,0.0,0.0,0.0,0.0,0.0,1.0,1.0,0.0,0.0,0.0,0.0,0.0,1.0,0.0,0.0,0.0,0.0,1.0,1.0,0.0
0.9589829711859935,-0.5345878409959883,-0.46508427634374117,-0.46618317148792077,-0.5563385795422586,-0.5490821079184883,-0.1587356185681543,0.0,1.0,0.0,0.0,1.0,0.0,0.0,0.0,0.0,1.0,0.0,0.0,0.0,0.0,0.0,0.0,0.0,0.0,1.0,0.0,0.0,1.0,0.0,0.0,0.0,0.0,1.0,0.0,0.0,1.0,0.0,1.0,0.0
-0.40667177470338467,-0.788469701792124,-0.46508427634374117,-0.46618317148792077,-0.5563385795422586,-0.5490821079184883,-0.5112120410879033,0.0,1.0,0.0,0.0,1.0,0.0,0.0,1.0,0.0,0.0,0.0,0.0,0.0,0.0,0.0,0.0,0.0,0.0,1.0,1.0,0.0,0.0,0.0,0.0,0.0,1.0,0.0,0.0,0.0,0.0,1.0,1.0,0.0
-0.5584111909133156,-0.790704010470588,-0.46508427634374117,-0.46618317148792077,-0.5563385795422586,-0.5490821079184883,-0.5143140395029151,1.0,0.0,0.0,0.0,1.0,0.0,1.0,0.0,0.0,0.0,0.0,0.0,0.0,0.0,0.0,0.0,0.0,0.0,1.0,1.0,0.0,0.0,0.0,0.0,0.0,1.0,0.0,0.0,0.0,0.0,1.0,1.0,0.0
0.8072435549760626,-0.816315627418048,-0.46508427634374117,-0.46618317148792077,-0.5563385795422586,-0.5490821079184883,-0.5498718815963912,0.0,1.0,1.0,0.0,0.0,0.0,0.0,1.0,0.0,0.0,0.0,0.0,0.0,0.0,0.0,0.0,0.0,0.0,1.0,1.0,0.0,0.0,0.0,0.0,0.0,1.0,0.0,0.0,0.0,0.0,1.0,1.0,0.0
-2.1577446377659872,2.0341987979955096,0.4783345406270387,1.9217478939753856,1.3329129401751731,1.2525144858048467,0.07249702856572071,0.0,1.0,0.0,0.0,1.0,1.0,0.0,0.0,0.0,0.0,0.0,0.0,1.0,0.0,0.0,0.0,0.0,0.0,0.0,0.0,1.0,0.0,0.0,0.0,0.0,0.0,0.0,1.0,1.0,0.0,0.0,0.0,1.0
0.2761555982413044,-0.7461885810142886,-0.46508427634374117,-0.46618317148792077,-0.5563385795422586,-0.5490821079184883,-0.45251112348330197,0.0,1.0,1.0,0.0,0.0,0.0,0.0,1.0,0.0,0.0,0.0,0.0,0.0,0.0,0.0,0.0,0.0,0.0,1.0,1.0,0.0,0.0,0.0,0.0,0.0,0.0,1.0,0.0,0.0,0.0,1.0,1.0,0.0
-0.8618900233331774,-0.7894844096635663,-0.46508427634374117,-0.46618317148792077,-0.5563385795422586,-0.5490821079184883,-0.5126208089270353,0.0,1.0,0.0,0.0,1.0,0.0,0.0,1.0,0.0,0.0,0.0,0.0,0.0,0.0,0.0,0.0,0.0,0.0,1.0,0.0,0.0,0.0,0.0,1.0,0.0,1.0,0.0,0.0,0.0,0.0,1.0,1.0,0.0
-0.10319294228352285,1.5873126702865439,-0.46508427634374117,-0.46618317148792077,-0.5563385795422586,3.9549093763898493,2.7872011207259737,0.0,1.0,0.0,0.0,1.0,0.0,0.0,1.0,0.0,0.0,0.0,0.0,0.0,0.0,0.0,0.0,0.0,0.0,1.0,1.0,0.0,0.0,0.0,0.0,0.0,0.0,0.0,1.0,0.0,0.0,1.0,1.0,0.0
0.5796344306611663,0.0996045786554014,0.4783345406270387,-0.46618317148792077,0.07341192703021858,-0.5490821079184883,-0.1587356185681543,0.0,1.0,0.0,0.0,1.0,0.0,0.0,1.0,0.0,0.0,0.0,0.0,0.0,0.0,0.0,0.0,0.0,0.0,1.0,1.0,0.0,0.0,0.0,0.0,1.0,0.0,0.0,0.0,0.0,1.0,0.0,0.0,0.0
-1.8481962286977283,-0.5601994579434484,-0.46508427634374117,-0.46618317148792077,-0.5563385795422586,0.3517161889431792,-0.1942934606616304,1.0,0.0,0.0,0.0,1.0,0.0,1.0,0.0,0.0,0.0,0.0,0.0,0.0,0.0,0.0,0.0,0.0,0.0,1.0,0.0,1.0,0.0,0.0,0.0,0.0,0.0,1.0,0.0,0.0,0.0,1.0,1.0,1.0
-1.2412385638580046,-0.8161107344824684,-0.46508427634374117,-0.46618317148792077,-0.5563385795422586,-0.5490821079184883,-0.5495874188596434,1.0,0.0,1.0,0.0,0.0,0.0,1.0,0.0,0.0,0.0,0.0,0.0,0.0,0.0,0.0,0.0,0.0,0.0,1.0,0.0,0.0,0.0,0.0,1.0,0.0,1.0,0.0,0.0,0.0,0.0,1.0,1.0,0.0
-0.17906265038848831,0.0996045786554014,-0.46508427634374117,-0.46618317148792077,-0.5563385795422586,-0.5490821079184883,0.7217442808893487,0.0,1.0,0.0,0.0,1.0,0.0,0.0,1.0,0.0,0.0,0.0,0.0,0.0,0.0,0.0,0.0,0.0,0.0,1.0,1.0,0.0,0.0,0.0,0.0,1.0,0.0,0.0,0.0,0.0,1.0,0.0,1.0,0.0
0.6555041387661317,-0.5345878409959883,-0.46508427634374117,-0.46618317148792077,-0.5563385795422586,-0.5490821079184883,-0.1587356185681543,1.0,0.0,0.0,0.0,1.0,0.0,1.0,0.0,0.0,0.0,0.0,0.0,0.0,0.0,0.0,0.0,0.0,0.0,1.0,1.0,0.0,0.0,0.0,0.0,0.0,0.0,1.0,0.0,0.0,1.0,0.0,1.0,0.0
0.9589829711859935,-0.8004608169267633,-0.46508427634374117,-0.46618317148792077,-0.5563385795422586,-0.5490821079184883,-0.5278598841099537,0.0,1.0,0.0,0.0,1.0,0.0,0.0,1.0,0.0,0.0,0.0,0.0,0.0,0.0,0.0,0.0,0.0,0.0,1.0,0.0,0.0,1.0,0.0,0.0,0.0,1.0,0.0,0.0,0.0,0.0,1.0,1.0,0.0
-1.9999356449076593,-0.39311414738144757,0.4783345406270387,0.7277823612437324,0.7031624336026958,-0.5490821079184883,-0.6802506359391369,0.0,1.0,0.0,0.0,1.0,1.0,0.0,0.0,0.0,0.0,0.0,0.0,0.0,0.0,0.0,0.0,0.0,0.0,1.0,0.0,1.0,0.0,0.0,0.0,1.0,0.0,0.0,0.0,0.0,0.0,1.0,0.0,1.0
-0.10319294228352285,-0.551662252294295,-0.46508427634374117,-0.46618317148792077,-0.5563385795422586,-0.5490821079184883,-0.18244084663047164,1.0,0.0,0.0,0.0,1.0,0.0,0.0,0.0,1.0,0.0,0.0,0.0,0.0,0.0,0.0,0.0,0.0,0.0,1.0,1.0,0.0,0.0,0.0,0.0,0.0,0.0,1.0,0.0,0.0,1.0,0.0,1.0,0.0
1.565940636025717,2.0341987979955096,-0.46508427634374117,0.7277823612437324,0.07341192703021858,0.3517161889431792,1.1842095751570987,1.0,0.0,1.0,0.0,0.0,0.0,0.0,0.0,1.0,0.0,0.0,1.0,0.0,0.0,0.0,0.0,0.0,0.0,0.0,0.0,0.0,1.0,0.0,0.0,0.0,0.0,0.0,1.0,1.0,0.0,0.0,0.0,0.0
1.6418103441306826,0.1264357964098833,-0.46508427634374117,-0.46618317148792077,-0.5563385795422586,-0.5490821079184883,0.7589953535587047,0.0,1.0,0.0,0.0,1.0,0.0,0.0,1.0,0.0,0.0,0.0,0.0,0.0,0.0,1.0,0.0,0.0,0.0,0.0,0.0,0.0,1.0,0.0,0.0,1.0,0.0,0.0,0.0,1.0,0.0,0.0,1.0,0.0
-0.25493235849345375,-0.8161107344824684,-0.46508427634374117,-0.46618317148792077,-0.5563385795422586,-0.5490821079184883,-0.5495874188596434,0.0,1.0,1.0,0.0,0.0,0.0,0.0,1.0,0.0,0.0,0.0,0.0,0.0,0.0,0.0,0.0,0.0,0.0,1.0,1.0,0.0,0.0,0.0,0.0,0.0,1.0,0.0,0.0,0.0,0.0,1.0,1.0,0.0
-0.25493235849345375,2.0341987979955096,-0.46508427634374117,-0.46618317148792077,-0.5563385795422586,0.3517161889431792,3.407634668339855,1.0,0.0,0.0,0.0,1.0,0.0,1.0,0.0,0.0,0.0,0.0,0.0,0.0,0.0,0.0,0.0,0.0,0.0,1.0,1.0,0.0,0.0,0.0,0.0,0.0,0.0,0.0,1.0,1.0,0.0,0.0,1.0,0.0
-0.25493235849345375,-0.7835912985640363,-0.46508427634374117,-0.46618317148792077,-0.5563385795422586,-0.5490821079184883,-0.5044391187843841,0.0,1.0,0.0,0.0,1.0,0.0,0.0,1.0,0.0,0.0,0.0,0.0,0.0,0.0,0.0,0.0,0.0,0.0,1.0,1.0,0.0,0.0,0.0,0.0,0.0,1.0,0.0,0.0,0.0,0.0,1.0,1.0,0.0
-0.40667177470338467,1.24623423019157,-0.46508427634374117,-0.46618317148792077,-0.5563385795422586,-0.5490821079184883,2.313665484953121,1.0,0.0,1.0,0.0,0.0,0.0,1.0,0.0,0.0,0.0,0.0,0.0,1.0,0.0,0.0,0.0,0.0,0.0,0.0,1.0,0.0,0.0,0.0,0.0,0.0,0.0,0.0,1.0,1.0,0.0,0.0,1.0,0.0
0.9589829711859935,1.3950255286482425,0.4783345406270387,-0.46618317148792077,0.07341192703021858,-0.5490821079184883,0.7405120485924006,0.0,1.0,0.0,0.0,1.0,0.0,0.0,1.0,0.0,0.0,0.0,0.0,0.0,1.0,0.0,0.0,0.0,0.0,0.0,0.0,0.0,1.0,0.0,0.0,0.0,0.0,0.0,1.0,1.0,0.0,0.0,0.0,0.0
0.9589829711859935,0.11362998793615335,-0.46508427634374117,-0.46618317148792077,-0.5563385795422586,-0.5490821079184883,0.7412164325119667,0.0,1.0,0.0,0.0,1.0,0.0,0.0,1.0,0.0,0.0,0.0,0.0,0.0,0.0,1.0,0.0,0.0,0.0,0.0,0.0,0.0,1.0,0.0,0.0,1.0,0.0,0.0,0.0,1.0,0.0,0.0,1.0,0.0
-0.25493235849345375,-0.7835912985640363,-0.46508427634374117,-0.46618317148792077,-0.5563385795422586,-0.5490821079184883,-0.5044391187843841,0.0,1.0,0.0,0.0,1.0,0.0,0.0,1.0,0.0,0.0,0.0,0.0,0.0,0.0,0.0,0.0,0.0,0.0,1.0,1.0,0.0,0.0,0.0,0.0,0.0,1.0,0.0,0.0,0.0,0.0,1.0,1.0,0.0
0.5037647225562008,0.18497663514693463,0.4783345406270387,1.9217478939753856,1.3329129401751731,0.3517161889431792,-0.5693440332190091,0.0,1.0,0.0,0.0,1.0,0.0,0.0,1.0,0.0,0.0,0.0,0.0,0.0,0.0,0.0,0.0,0.0,0.0,1.0,1.0,0.0,0.0,0.0,0.0,1.0,0.0,0.0,0.0,0.0,1.0,0.0,0.0,0.0
-0.7860203152282119,0.11342509500057363,-0.46508427634374117,1.9217478939753856,0.7031624336026958,-0.5490821079184883,-0.4458330220920319,1.0,0.0,0.0,0.0,1.0,0.0,1.0,0.0,0.0,0.0,0.0,0.0,0.0,1.0,0.0,0.0,0.0,0.0,0.0,0.0,0.0,0.0,0.0,1.0,1.0,0.0,0.0,0.0,1.0,0.0,0.0,0.0,0.0
-0.5963460449657983,2.0341987979955096,7.082266259422497,1.9217478939753856,5.741166486182514,3.0541110795281816,-0.6349564101742471,1.0,0.0,0.0,0.0,1.0,0.0,1.0,0.0,0.0,0.0,0.0,0.0,0.0,0.0,0.0,0.0,0.0,0.0,1.0,1.0,0.0,0.0,0.0,0.0,0.0,0.0,0.0,1.0,0.0,0.0,1.0,0.0,0.0
2.703986257600199,0.1264357964098833,-0.46508427634374117,-0.46618317148792077,-0.5563385795422586,-0.5490821079184883,0.7589953535587047,0.0,1.0,0.0,0.0,1.0,0.0,0.0,1.0,0.0,0.0,0.0,0.0,0.0,0.0,1.0,0.0,0.0,0.0,0.0,0.0,0.0,0.0,1.0,0.0,1.0,0.0,0.0,0.0,1.0,0.0,0.0,1.0,0.0
-1.0894991476480738,-0.7770835086577675,-0.46508427634374117,-0.46618317148792077,-0.5563385795422586,-0.5490821079184883,-0.4954040404314894,1.0,0.0,0.0,1.0,0.0,0.0,1.0,0.0,0.0,0.0,0.0,0.0,0.0,0.0,0.0,0.0,0.0,0.0,1.0,0.0,0.0,0.0,0.0,1.0,0.0,0.0,1.0,0.0,0.0,0.0,1.0,1.0,0.0
-0.5963460449657983,-0.816315627418048,-0.46508427634374117,-0.46618317148792077,-0.5563385795422586,-0.5490821079184883,-0.5498718815963912,1.0,0.0,1.0,0.0,0.0,0.0,0.0,0.0,1.0,0.0,0.0,0.0,0.0,0.0,0.0,0.0,0.0,0.0,1.0,1.0,0.0,0.0,0.0,0.0,0.0,1.0,0.0,0.0,0.0,0.0,1.0,1.0,0.0
1.2624618036058552,2.0341987979955096,-0.46508427634374117,-0.46618317148792077,-0.5563385795422586,0.3517161889431792,3.407634668339855,0.0,1.0,1.0,0.0,0.0,0.0,0.0,1.0,0.0,0.0,0.0,1.0,0.0,0.0,0.0,0.0,0.0,0.0,0.0,0.0,0.0,1.0,0.0,0.0,0.0,0.0,0.0,1.0,1.0,0.0,0.0,1.0,0.0
-0.10319294228352285,1.128947659781888,-0.46508427634374117,-0.46618317148792077,-0.5563385795422586,-0.5490821079184883,2.1508308869319115,0.0,1.0,0.0,0.0,1.0,0.0,0.0,1.0,0.0,0.0,0.0,0.0,0.0,0.0,0.0,0.0,0.0,0.0,1.0,1.0,0.0,0.0,0.0,0.0,0.0,0.0,0.0,1.0,1.0,0.0,0.0,1.0,0.0
1.565940636025717,0.0996045786554014,-0.46508427634374117,0.7277823612437324,0.07341192703021858,-0.5490821079184883,-0.1587356185681543,1.0,0.0,0.0,0.0,1.0,0.0,0.0,0.0,1.0,0.0,0.0,0.0,0.0,0.0,0.0,0.0,0.0,0.0,1.0,0.0,0.0,1.0,0.0,0.0,1.0,0.0,0.0,0.0,0.0,1.0,0.0,0.0,0.0
-0.7860203152282119,2.0341987979955096,0.4783345406270387,-0.46618317148792077,0.07341192703021858,-0.5490821079184883,1.1842095751570987,1.0,0.0,1.0,0.0,0.0,0.0,0.0,0.0,1.0,0.0,0.0,1.0,0.0,0.0,0.0,0.0,0.0,0.0,0.0,0.0,0.0,0.0,0.0,1.0,0.0,0.0,0.0,1.0,1.0,0.0,0.0,0.0,0.0
-0.5963460449657983,0.009354118935780474,0.4783345406270387,-0.46618317148792077,0.07341192703021858,1.2525144858048467,-0.22138514987570743,1.0,0.0,0.0,1.0,0.0,0.0,1.0,0.0,0.0,0.0,0.0,0.0,0.0,0.0,0.0,0.0,0.0,0.0,1.0,1.0,0.0,0.0,0.0,0.0,1.0,0.0,0.0,0.0,0.0,0.0,1.0,0.0,0.0
-0.3308020665984192,1.5358894218592722,0.4783345406270387,-0.46618317148792077,0.07341192703021858,-0.5490821079184883,0.8382961143494597,0.0,1.0,1.0,0.0,0.0,0.0,0.0,1.0,0.0,0.0,0.0,0.0,0.0,0.0,1.0,0.0,0.0,0.0,0.0,1.0,0.0,0.0,0.0,0.0,0.0,0.0,0.0,1.0,1.0,0.0,0.0,0.0,0.0
2.4763771332853026,2.0341987979955096,-0.46508427634374117,-0.46618317148792077,-0.5563385795422586,0.3517161889431792,3.407634668339855,1.0,0.0,0.0,0.0,1.0,0.0,0.0,0.0,1.0,0.0,0.0,1.0,0.0,0.0,0.0,0.0,0.0,0.0,0.0,0.0,0.0,0.0,1.0,0.0,0.0,0.0,0.0,1.0,1.0,0.0,0.0,1.0,0.0
-0.17906265038848831,1.4216518534671447,0.4783345406270387,-0.46618317148792077,0.07341192703021858,0.3517161889431792,0.7589953535587047,0.0,1.0,0.0,0.0,1.0,0.0,0.0,1.0,0.0,0.0,0.0,0.0,0.0,0.0,1.0,0.0,0.0,0.0,0.0,1.0,0.0,0.0,0.0,0.0,0.0,0.0,0.0,1.0,1.0,0.0,0.0,0.0,0.0
0.42789501445123534,2.0341987979955096,0.4783345406270387,-0.46618317148792077,0.07341192703021858,0.3517161889431792,1.1842095751570987,1.0,0.0,0.0,0.0,1.0,0.0,0.0,0.0,1.0,0.0,0.0,0.0,1.0,0.0,0.0,0.0,0.0,0.0,0.0,1.0,0.0,0.0,0.0,0.0,0.0,0.0,0.0,1.0,1.0,0.0,0.0,0.0,0.0
-0.25493235849345375,-0.4321413732061485,-0.46508427634374117,-0.46618317148792077,-0.5563385795422586,-0.5490821079184883,-0.016504250194249972,0.0,1.0,0.0,0.0,1.0,0.0,0.0,1.0,0.0,0.0,0.0,0.0,0.0,0.0,0.0,0.0,0.0,0.0,1.0,1.0,0.0,0.0,0.0,0.0,1.0,0.0,0.0,0.0,0.0,0.0,1.0,1.0,0.0
0.9589829711859935,-0.7955824136986758,-0.46508427634374117,-0.46618317148792077,-0.5563385795422586,-0.5490821079184883,-0.5210869618064343,0.0,1.0,0.0,0.0,1.0,0.0,0.0,1.0,0.0,0.0,0.0,0.0,0.0,0.0,0.0,1.0,0.0,0.0,0.0,0.0,0.0,1.0,0.0,0.0,0.0,1.0,0.0,0.0,0.0,0.0,1.0,1.0,0.0
-0.25493235849345375,-0.7835912985640363,-0.46508427634374117,-0.46618317148792077,-0.5563385795422586,-0.5490821079184883,-0.5044391187843841,0.0,1.0,1.0,0.0,0.0,0.0,0.0,1.0,0.0,0.0,0.0,0.0,0.0,0.0,0.0,0.0,0.0,0.0,1.0,1.0,0.0,0.0,0.0,0.0,0.0,1.0,0.0,0.0,0.0,0.0,1.0,1.0,0.0
0.42789501445123534,1.3612816135195602,0.4783345406270387,-0.46618317148792077,0.07341192703021858,-0.5490821079184883,0.7170878968056792,1.0,0.0,0.0,0.0,1.0,0.0,0.0,0.0,1.0,0.0,0.0,0.0,0.0,1.0,0.0,0.0,0.0,0.0,0.0,1.0,0.0,0.0,0.0,0.0,0.0,0.0,0.0,1.0,1.0,0.0,0.0,0.0,0.0
-0.40667177470338467,-0.8248528330672014,-0.46508427634374117,-0.46618317148792077,-0.5563385795422586,-0.5490821079184883,-0.56172449562755,0.0,1.0,0.0,0.0,1.0,0.0,0.0,1.0,0.0,0.0,0.0,0.0,0.0,0.0,0.0,0.0,0.0,0.0,1.0,1.0,0.0,0.0,0.0,0.0,0.0,1.0,0.0,0.0,0.0,0.0,1.0,1.0,0.0
-0.40667177470338467,-0.820379337307045,-0.46508427634374117,-0.46618317148792077,-0.5563385795422586,-0.5490821079184883,-0.5555137258752227,0.0,1.0,0.0,0.0,1.0,0.0,0.0,1.0,0.0,0.0,0.0,0.0,0.0,0.0,0.0,0.0,0.0,0.0,1.0,1.0,0.0,0.0,0.0,0.0,0.0,1.0,0.0,0.0,0.0,0.0,1.0,1.0,0.0
-1.9240659368026938,0.7337969983067911,1.4217533575978185,0.7277823612437324,1.3329129401751731,0.3517161889431792,-0.37885559343253006,1.0,0.0,0.0,0.0,1.0,0.0,1.0,0.0,0.0,0.0,0.0,0.0,0.0,0.0,0.0,1.0,0.0,0.0,0.0,0.0,1.0,0.0,0.0,0.0,0.0,0.0,0.0,1.0,0.0,1.0,0.0,0.0,1.0
-0.10319294228352285,-0.5345878409959883,-0.46508427634374117,-0.46618317148792077,-0.5563385795422586,-0.5490821079184883,-0.1587356185681543,1.0,0.0,0.0,0.0,1.0,0.0,1.0,0.0,0.0,0.0,0.0,0.0,0.0,0.0,0.0,0.0,0.0,0.0,1.0,1.0,0.0,0.0,0.0,0.0,0.0,0.0,1.0,0.0,0.0,1.0,0.0,1.0,0.0
-0.8618900233331774,2.0341987979955096,-0.46508427634374117,-0.46618317148792077,-0.5563385795422586,3.0541110795281816,3.407634668339855,0.0,1.0,0.0,0.0,1.0,0.0,0.0,1.0,0.0,0.0,0.0,0.0,0.0,0.0,0.0,0.0,0.0,0.0,1.0,0.0,0.0,0.0,0.0,1.0,0.0,0.0,0.0,1.0,0.0,1.0,0.0,1.0,0.0
-0.17906265038848831,-0.6256529940546999,-0.46508427634374117,1.9217478939753856,0.7031624336026958,0.3517161889431792,-0.7878655984197542,1.0,0.0,0.0,0.0,1.0,0.0,0.0,0.0,1.0,0.0,0.0,0.0,0.0,0.0,0.0,0.0,0.0,0.0,1.0,1.0,0.0,0.0,0.0,0.0,0.0,0.0,1.0,0.0,0.0,0.0,1.0,0.0,0.0
0.8072435549760626,0.7630674176753169,-0.46508427634374117,-0.46618317148792077,-0.5563385795422586,-0.5490821079184883,1.6428617141679673,0.0,1.0,1.0,0.0,0.0,0.0,0.0,0.0,0.0,1.0,0.0,0.0,0.0,0.0,0.0,0.0,0.0,0.0,1.0,1.0,0.0,0.0,0.0,0.0,0.0,0.0,0.0,1.0,1.0,0.0,0.0,1.0,0.0
-1.1653688557530393,1.1191908533257127,4.252009808510158,1.9217478939753856,3.851914966465082,2.153312782666514,-0.6421529479818411,0.0,1.0,0.0,0.0,1.0,0.0,0.0,1.0,0.0,0.0,0.0,0.0,0.0,0.0,0.0,0.0,0.0,0.0,1.0,0.0,0.0,0.0,0.0,1.0,0.0,0.0,0.0,1.0,0.0,0.0,1.0,0.0,0.0
-0.10319294228352285,0.0020365140936491224,0.4783345406270387,-0.46618317148792077,0.07341192703021858,0.3517161889431792,-0.22646484160334682,1.0,0.0,1.0,0.0,0.0,0.0,0.0,0.0,1.0,0.0,0.0,0.0,0.0,0.0,0.0,0.0,0.0,0.0,1.0,1.0,0.0,0.0,0.0,0.0,1.0,0.0,0.0,0.0,0.0,1.0,0.0,0.0,0.0
-0.5584111909133156,-0.7126495588211863,-0.46508427634374117,-0.46618317148792077,-0.5563385795422586,-0.5490821079184883,-0.40594728264660707,0.0,1.0,0.0,0.0,1.0,0.0,0.0,1.0,0.0,0.0,0.0,0.0,0.0,0.0,0.0,0.0,0.0,0.0,1.0,1.0,0.0,0.0,0.0,0.0,0.0,0.0,1.0,0.0,0.0,0.0,1.0,1.0,0.0
0.5796344306611663,1.3950255286482425,0.4783345406270387,0.7277823612437324,0.7031624336026958,0.3517161889431792,0.14726952638638124,0.0,1.0,0.0,0.0,1.0,0.0,0.0,1.0,0.0,0.0,0.0,0.0,0.0,1.0,0.0,0.0,0.0,0.0,0.0,1.0,0.0,0.0,0.0,0.0,0.0,0.0,0.0,1.0,1.0,0.0,0.0,0.0,0.0
1.3383315117108208,-0.8150960266110261,-0.46508427634374117,-0.46618317148792077,-0.5563385795422586,-0.5490821079184883,-0.5481786510205114,0.0,1.0,0.0,0.0,1.0,0.0,0.0,1.0,0.0,0.0,0.0,0.0,0.0,0.0,0.0,0.0,0.0,0.0,1.0,0.0,0.0,1.0,0.0,0.0,0.0,1.0,0.0,0.0,0.0,0.0,1.0,1.0,0.0
-0.25493235849345375,-0.4614117925746742,-0.46508427634374117,-0.46618317148792077,-0.5563385795422586,0.3517161889431792,-0.057141784015365474,0.0,1.0,0.0,0.0,1.0,0.0,0.0,1.0,0.0,0.0,0.0,0.0,0.0,0.0,0.0,0.0,0.0,0.0,1.0,1.0,0.0,0.0,0.0,0.0,1.0,0.0,0.0,0.0,0.0,0.0,1.0,1.0,0.0
-0.10319294228352285,-0.5345878409959883,-0.46508427634374117,-0.46618317148792077,-0.5563385795422586,-0.5490821079184883,-0.1587356185681543,0.0,1.0,0.0,0.0,1.0,0.0,0.0,1.0,0.0,0.0,0.0,0.0,0.0,0.0,0.0,0.0,0.0,0.0,1.0,1.0,0.0,0.0,0.0,0.0,0.0,0.0,1.0,0.0,0.0,1.0,0.0,1.0,0.0
0.5037647225562008,0.009354118935780474,0.4783345406270387,0.7277823612437324,0.7031624336026958,0.3517161889431792,-0.4939952725923574,0.0,1.0,0.0,0.0,1.0,0.0,0.0,1.0,0.0,0.0,0.0,0.0,0.0,0.0,0.0,0.0,0.0,0.0,1.0,1.0,0.0,0.0,0.0,0.0,1.0,0.0,0.0,0.0,0.0,0.0,1.0,0.0,0.0
-0.7101506071232465,-0.8161107344824684,-0.46508427634374117,-0.46618317148792077,-0.5563385795422586,-0.5490821079184883,-0.5495874188596434,0.0,1.0,1.0,0.0,0.0,0.0,0.0,1.0,0.0,0.0,0.0,0.0,0.0,0.0,0.0,0.0,0.0,0.0,1.0,0.0,0.0,0.0,0.0,1.0,0.0,1.0,0.0,0.0,0.0,0.0,1.0,1.0,0.0
1.9452891765505445,-0.38823574415336,-0.46508427634374117,-0.46618317148792077,-0.5563385795422586,-0.5490821079184883,0.044452050537423335,1.0,0.0,0.0,0.0,1.0,0.0,0.0,0.0,1.0,0.0,0.0,0.0,0.0,0.0,0.0,0.0,0.0,0.0,1.0,0.0,0.0,1.0,0.0,0.0,1.0,0.0,0.0,0.0,0.0,1.0,0.0,1.0,0.0
-0.5963460449657983,0.07358805424001012,2.3651721745685985,0.7277823612437324,1.9626634467476503,1.2525144858048467,-0.6942475571715898,1.0,0.0,0.0,0.0,1.0,0.0,1.0,0.0,0.0,0.0,0.0,0.0,0.0,0.0,0.0,0.0,0.0,0.0,1.0,1.0,0.0,0.0,0.0,0.0,1.0,0.0,0.0,0.0,0.0,0.0,1.0,0.0,0.0
-0.5584111909133156,-0.8211940306461356,-0.46508427634374117,-0.46618317148792077,-0.5563385795422586,-0.5490821079184883,-0.5566448038999104,0.0,1.0,0.0,0.0,1.0,0.0,0.0,1.0,0.0,0.0,0.0,0.0,0.0,0.0,0.0,0.0,0.0,0.0,1.0,1.0,0.0,0.0,0.0,0.0,0.0,1.0,0.0,0.0,0.0,0.0,1.0,1.0,0.0
2.0970285927604753,-0.6565479216981787,-0.46508427634374117,-0.46618317148792077,-0.5563385795422586,-0.5490821079184883,-0.32805867615613565,1.0,0.0,0.0,0.0,1.0,0.0,0.0,0.0,1.0,0.0,0.0,0.0,0.0,0.0,1.0,0.0,0.0,0.0,0.0,0.0,0.0,1.0,0.0,0.0,0.0,0.0,1.0,0.0,0.0,1.0,0.0,1.0,0.0
-0.0273232341785574,-0.825057726002781,0.4783345406270387,-0.46618317148792077,0.07341192703021858,-0.5490821079184883,-0.8006122381949775,0.0,1.0,0.0,0.0,1.0,0.0,0.0,1.0,0.0,0.0,0.0,0.0,0.0,0.0,0.0,0.0,0.0,0.0,1.0,1.0,0.0,0.0,0.0,0.0,0.0,1.0,0.0,0.0,0.0,0.0,1.0,0.0,0.0
-0.25493235849345375,-0.7461885810142886,1.4217533575978185,-0.46618317148792077,0.7031624336026958,-0.5490821079184883,-0.8436473865115389,0.0,1.0,0.0,0.0,1.0,0.0,0.0,1.0,0.0,0.0,0.0,0.0,0.0,0.0,0.0,0.0,0.0,0.0,1.0,1.0,0.0,0.0,0.0,0.0,0.0,0.0,1.0,0.0,0.0,0.0,1.0,0.0,0.0
-0.25493235849345375,-0.7760688007863252,-0.46508427634374117,-0.46618317148792077,-0.5563385795422586,-0.5490821079184883,-0.4939952725923573,0.0,1.0,0.0,0.0,1.0,0.0,0.0,1.0,0.0,0.0,0.0,0.0,0.0,0.0,0.0,0.0,0.0,0.0,1.0,1.0,0.0,0.0,0.0,0.0,0.0,0.0,1.0,0.0,0.0,0.0,1.0,1.0,0.0
0.7313738468710972,1.5582471438535979,0.4783345406270387,-0.46618317148792077,0.07341192703021858,0.3517161889431792,0.8538162658079741,1.0,0.0,0.0,0.0,1.0,0.0,0.0,0.0,1.0,0.0,0.0,0.0,0.0,0.0,1.0,0.0,0.0,0.0,0.0,1.0,0.0,0.0,0.0,0.0,0.0,0.0,0.0,1.0,1.0,0.0,0.0,0.0,0.0
0.20028589013633896,-0.7835912985640363,-0.46508427634374117,-0.46618317148792077,-0.5563385795422586,-0.5490821079184883,-0.5044391187843841,0.0,1.0,0.0,0.0,1.0,0.0,0.0,1.0,0.0,0.0,0.0,0.0,0.0,0.0,0.0,0.0,0.0,0.0,1.0,1.0,0.0,0.0,0.0,0.0,0.0,1.0,0.0,0.0,0.0,0.0,1.0,1.0,0.0
0.048546473926408054,-0.5601994579434484,-0.46508427634374117,-0.46618317148792077,-0.5563385795422586,0.3517161889431792,-0.1942934606616304,1.0,0.0,0.0,0.0,1.0,0.0,1.0,0.0,0.0,0.0,0.0,0.0,0.0,0.0,0.0,0.0,0.0,0.0,1.0,1.0,0.0,0.0,0.0,0.0,0.0,0.0,1.0,0.0,0.0,0.0,1.0,1.0,0.0
0.6555041387661317,2.0341987979955096,-0.46508427634374117,-0.46618317148792077,-0.5563385795422586,0.3517161889431792,3.407634668339855,1.0,0.0,0.0,0.0,1.0,0.0,1.0,0.0,0.0,0.0,0.0,1.0,0.0,0.0,0.0,0.0,0.0,0.0,0.0,1.0,0.0,0.0,0.0,0.0,0.0,0.0,0.0,1.0,1.0,0.0,0.0,1.0,0.0
-0.25493235849345375,-0.7835912985640363,-0.46508427634374117,-0.46618317148792077,-0.5563385795422586,-0.5490821079184883,-0.5044391187843841,0.0,1.0,0.0,0.0,1.0,0.0,0.0,1.0,0.0,0.0,0.0,0.0,0.0,0.0,0.0,0.0,0.0,0.0,1.0,1.0,0.0,0.0,0.0,0.0,0.0,1.0,0.0,0.0,0.0,0.0,1.0,1.0,0.0
-0.8618900233331774,-0.8031049114763869,-0.46508427634374117,-0.46618317148792077,-0.5563385795422586,-0.5490821079184883,-0.5315308079984611,1.0,0.0,0.0,0.0,1.0,0.0,1.0,0.0,0.0,0.0,0.0,0.0,0.0,0.0,0.0,0.0,0.0,0.0,1.0,0.0,0.0,0.0,0.0,1.0,0.0,1.0,0.0,0.0,0.0,0.0,1.0,1.0,0.0
-0.40667177470338467,2.002181837609571,0.4783345406270387,1.9217478939753856,1.3329129401751731,0.3517161889431792,0.06138435629622147,1.0,0.0,0.0,0.0,1.0,0.0,1.0,0.0,0.0,0.0,0.0,0.0,0.0,0.0,0.0,0.0,0.0,0.0,1.0,1.0,0.0,0.0,0.0,0.0,0.0,0.0,0.0,1.0,0.0,1.0,0.0,0.0,0.0
-1.9240659368026938,-0.3540869215567467,0.4783345406270387,0.7277823612437324,0.7031624336026958,0.3517161889431792,-0.6621895097964189,1.0,0.0,0.0,0.0,1.0,0.0,1.0,0.0,0.0,0.0,0.0,0.0,0.0,0.0,0.0,0.0,1.0,0.0,0.0,0.0,1.0,0.0,0.0,0.0,1.0,0.0,0.0,0.0,0.0,0.0,1.0,0.0,1.0
-0.5584111909133156,-0.8150960266110261,-0.46508427634374117,-0.46618317148792077,-0.5563385795422586,-0.5490821079184883,-0.5481786510205114,1.0,0.0,0.0,0.0,1.0,0.0,1.0,0.0,0.0,0.0,0.0,0.0,0.0,0.0,0.0,0.0,0.0,0.0,1.0,1.0,0.0,0.0,0.0,0.0,0.0,1.0,0.0,0.0,0.0,0.0,1.0,1.0,0.0
-0.5963460449657983,-0.7844011134998988,-0.46508427634374117,-0.46618317148792077,-0.5563385795422586,-0.5490821079184883,-0.5055634238867682,1.0,0.0,0.0,1.0,0.0,0.0,1.0,0.0,0.0,0.0,0.0,0.0,0.0,0.0,0.0,0.0,0.0,0.0,1.0,1.0,0.0,0.0,0.0,0.0,0.0,1.0,0.0,0.0,0.0,0.0,1.0,1.0,0.0
-0.48254148280835013,-0.6565479216981787,-0.46508427634374117,-0.46618317148792077,-0.5563385795422586,-0.5490821079184883,-0.32805867615613565,0.0,1.0,0.0,0.0,1.0,0.0,0.0,0.0,0.0,1.0,0.0,0.0,0.0,0.0,0.0,0.0,0.0,0.0,1.0,1.0,0.0,0.0,0.0,0.0,0.0,0.0,1.0,0.0,0.0,1.0,0.0,1.0,0.0
-0.8618900233331774,-0.788469701792124,-0.46508427634374117,-0.46618317148792077,-0.5563385795422586,-0.5490821079184883,-0.5112120410879033,0.0,1.0,0.0,0.0,1.0,0.0,0.0,1.0,0.0,0.0,0.0,0.0,0.0,0.0,0.0,0.0,0.0,0.0,1.0,0.0,0.0,0.0,0.0,1.0,0.0,1.0,0.0,0.0,0.0,0.0,1.0,1.0,0.0
0.8072435549760626,0.34352474005978206,-0.46508427634374117,-0.46618317148792077,-0.5563385795422586,0.3517161889431792,1.0603903960653114,0.0,1.0,0.0,0.0,1.0,0.0,0.0,1.0,0.0,0.0,0.0,0.0,0.0,0.0,0.0,0.0,0.0,0.0,1.0,1.0,0.0,0.0,0.0,0.0,0.0,0.0,0.0,1.0,1.0,0.0,0.0,1.0,0.0
0.2761555982413044,-0.7835912985640363,-0.46508427634374117,-0.46618317148792077,-0.5563385795422586,-0.5490821079184883,-0.5044391187843841,0.0,1.0,0.0,0.0,1.0,0.0,0.0,1.0,0.0,0.0,0.0,0.0,0.0,0.0,0.0,0.0,0.0,0.0,1.0,1.0,0.0,0.0,0.0,0.0,0.0,1.0,0.0,0.0,0.0,0.0,1.0,1.0,0.0
-1.620587104382832,0.11180058672562043,-0.46508427634374117,1.9217478939753856,0.7031624336026958,0.3517161889431792,-0.4465848164677226,1.0,0.0,0.0,0.0,1.0,0.0,1.0,0.0,0.0,0.0,0.0,0.0,0.0,0.0,0.0,0.0,0.0,0.0,1.0,0.0,1.0,0.0,0.0,0.0,1.0,0.0,0.0,0.0,0.0,1.0,0.0,0.0,1.0
-0.5584111909133156,-0.8150960266110261,0.4783345406270387,-0.46618317148792077,0.07341192703021858,-0.5490821079184883,-0.7936970845230844,0.0,1.0,0.0,0.0,1.0,0.0,0.0,1.0,0.0,0.0,0.0,0.0,0.0,0.0,0.0,0.0,0.0,0.0,1.0,1.0,0.0,0.0,0.0,0.0,0.0,1.0,0.0,0.0,0.0,0.0,1.0,0.0,0.0
0.5037647225562008,0.11850839116424086,-0.46508427634374117,-0.46618317148792077,-0.5563385795422586,-0.5490821079184883,0.7479893548154858,0.0,1.0,0.0,0.0,1.0,0.0,0.0,1.0,0.0,0.0,0.0,0.0,0.0,0.0,1.0,0.0,0.0,0.0,0.0,1.0,0.0,0.0,0.0,0.0,1.0,0.0,0.0,0.0,1.0,0.0,0.0,1.0,0.0
-0.3308020665984192,-0.5345878409959883,-0.46508427634374117,-0.46618317148792077,-0.5563385795422586,-0.5490821079184883,-0.1587356185681543,0.0,1.0,0.0,0.0,1.0,0.0,0.0,1.0,0.0,0.0,0.0,0.0,0.0,0.0,0.0,0.0,0.0,0.0,1.0,1.0,0.0,0.0,0.0,0.0,0.0,0.0,1.0,0.0,0.0,1.0,0.0,1.0,0.0
-0.7860203152282119,-0.7760688007863252,-0.46508427634374117,-0.46618317148792077,-0.5563385795422586,-0.5490821079184883,-0.4939952725923573,0.0,1.0,0.0,0.0,1.0,0.0,0.0,1.0,0.0,0.0,0.0,0.0,0.0,0.0,0.0,0.0,0.0,0.0,1.0,0.0,0.0,0.0,0.0,1.0,0.0,0.0,1.0,0.0,0.0,0.0,1.0,1.0,0.0
-0.5963460449657983,-0.024794703660832786,0.4783345406270387,1.9217478939753856,1.3329129401751731,0.3517161889431792,-0.6421529479818411,1.0,0.0,0.0,0.0,1.0,0.0,1.0,0.0,0.0,0.0,0.0,0.0,0.0,0.0,0.0,0.0,0.0,0.0,1.0,1.0,0.0,0.0,0.0,0.0,1.0,0.0,0.0,0.0,0.0,0.0,1.0,0.0,0.0
0.5037647225562008,2.0341987979955096,0.4783345406270387,1.9217478939753856,1.3329129401751731,0.3517161889431792,0.07249702856572071,0.0,1.0,0.0,0.0,1.0,0.0,0.0,1.0,0.0,0.0,0.0,1.0,0.0,0.0,0.0,0.0,0.0,0.0,0.0,1.0,0.0,0.0,0.0,0.0,0.0,0.0,0.0,1.0,1.0,0.0,0.0,0.0,0.0
-0.48254148280835013,-0.6077638894173025,1.4217533575978185,0.7277823612437324,1.3329129401751731,-0.5490821079184883,-0.8444940017994788,0.0,1.0,0.0,0.0,1.0,0.0,0.0,1.0,0.0,0.0,0.0,0.0,0.0,0.0,0.0,0.0,0.0,0.0,1.0,1.0,0.0,0.0,0.0,0.0,0.0,0.0,1.0,0.0,0.0,1.0,0.0,0.0,0.0
-0.0273232341785574,-0.14065678032791362,-0.46508427634374117,4.309678959438692,1.9626634467476503,2.153312782666514,-0.7537368429323208,1.0,0.0,0.0,0.0,1.0,0.0,0.0,0.0,1.0,0.0,0.0,0.0,0.0,0.0,0.0,0.0,0.0,0.0,1.0,1.0,0.0,0.0,0.0,0.0,1.0,0.0,0.0,0.0,0.0,0.0,1.0,0.0,0.0
-2.15167506111759,-0.6256529940546999,0.4783345406270387,0.7277823612437324,0.7031624336026958,0.3517161889431792,-0.7878655984197542,1.0,0.0,0.0,0.0,1.0,0.0,1.0,0.0,0.0,0.0,0.0,0.0,0.0,0.0,0.0,0.0,0.0,0.0,1.0,0.0,1.0,0.0,0.0,0.0,0.0,0.0,1.0,0.0,0.0,0.0,1.0,0.0,1.0
0.42789501445123534,-0.7835912985640363,-0.46508427634374117,-0.46618317148792077,-0.5563385795422586,-0.5490821079184883,-0.5044391187843841,0.0,1.0,1.0,0.0,0.0,0.0,0.0,1.0,0.0,0.0,0.0,0.0,0.0,0.0,0.0,0.0,0.0,0.0,1.0,1.0,0.0,0.0,0.0,0.0,0.0,1.0,0.0,0.0,0.0,0.0,1.0,1.0,0.0
-0.0273232341785574,-0.1443155827489793,0.4783345406270387,-0.46618317148792077,0.07341192703021858,0.3517161889431792,-0.32805867615613565,0.0,1.0,0.0,0.0,1.0,0.0,0.0,1.0,0.0,0.0,0.0,0.0,0.0,0.0,0.0,0.0,0.0,0.0,1.0,1.0,0.0,0.0,0.0,0.0,1.0,0.0,0.0,0.0,0.0,1.0,0.0,0.0,0.0
1.1107223873959244,0.0996045786554014,0.4783345406270387,-0.46618317148792077,0.07341192703021858,-0.5490821079184883,-0.1587356185681543,0.0,1.0,0.0,0.0,1.0,0.0,0.0,1.0,0.0,0.0,0.0,0.0,0.0,0.0,0.0,0.0,0.0,0.0,1.0,0.0,0.0,1.0,0.0,0.0,1.0,0.0,0.0,0.0,0.0,1.0,0.0,0.0,0.0
0.5037647225562008,2.0341987979955096,0.4783345406270387,-0.46618317148792077,0.07341192703021858,0.3517161889431792,1.1842095751570987,0.0,1.0,0.0,0.0,1.0,0.0,0.0,1.0,0.0,0.0,0.0,0.0,1.0,0.0,0.0,0.0,0.0,0.0,0.0,1.0,0.0,0.0,0.0,0.0,0.0,0.0,0.0,1.0,1.0,0.0,0.0,0.0,0.0
-0.25493235849345375,-0.7835912985640363,-0.46508427634374117,-0.46618317148792077,-0.5563385795422586,-0.5490821079184883,-0.5044391187843841,0.0,1.0,0.0,0.0,1.0,0.0,0.0,1.0,0.0,0.0,0.0,0.0,0.0,0.0,0.0,0.0,0.0,0.0,1.0,1.0,0.0,0.0,0.0,0.0,0.0,1.0,0.0,0.0,0.0,0.0,1.0,1.0,0.0
-0.25493235849345375,-0.829731236295289,-0.46508427634374117,-0.46618317148792077,-0.5563385795422586,-0.5490821079184883,-0.5684974179310691,0.0,1.0,0.0,1.0,0.0,0.0,0.0,1.0,0.0,0.0,0.0,0.0,0.0,0.0,0.0,0.0,0.0,0.0,1.0,1.0,0.0,0.0,0.0,0.0,0.0,1.0,0.0,0.0,0.0,0.0,1.0,1.0,0.0
-0.634280899018281,-0.788469701792124,-0.46508427634374117,-0.46618317148792077,-0.5563385795422586,-0.5490821079184883,-0.5112120410879033,0.0,1.0,0.0,0.0,1.0,0.0,0.0,1.0,0.0,0.0,0.0,0.0,0.0,0.0,0.0,0.0,0.0,0.0,1.0,1.0,0.0,0.0,0.0,0.0,0.0,1.0,0.0,0.0,0.0,0.0,1.0,1.0,0.0
-1.0136294395431082,-0.7053319539790548,-0.46508427634374117,-0.46618317148792077,-0.5563385795422586,-0.5490821079184883,-0.3957878991913282,0.0,1.0,0.0,0.0,1.0,0.0,0.0,1.0,0.0,0.0,0.0,0.0,0.0,0.0,0.0,0.0,0.0,0.0,1.0,0.0,0.0,0.0,0.0,1.0,0.0,0.0,1.0,0.0,0.0,0.0,1.0,1.0,0.0
-1.7723265205927627,0.44109280462153433,-0.46508427634374117,0.7277823612437324,0.07341192703021858,0.3517161889431792,0.07831666205501961,1.0,0.0,0.0,0.0,1.0,0.0,1.0,0.0,0.0,0.0,0.0,0.0,0.0,0.0,0.0,0.0,0.0,0.0,1.0,0.0,1.0,0.0,0.0,0.0,0.0,0.0,0.0,1.0,0.0,1.0,0.0,0.0,1.0
0.20028589013633896,-0.7760688007863252,-0.46508427634374117,-0.46618317148792077,-0.5563385795422586,-0.5490821079184883,-0.4939952725923573,0.0,1.0,0.0,0.0,1.0,0.0,0.0,1.0,0.0,0.0,0.0,0.0,0.0,0.0,1.0,0.0,0.0,0.0,0.0,1.0,0.0,0.0,0.0,0.0,0.0,0.0,1.0,0.0,0.0,0.0,1.0,1.0,0.0
0.6555041387661317,-1.168780260647378,-0.46508427634374117,-0.46618317148792077,-0.5563385795422586,-0.5490821079184883,-1.0392155180256573,0.0,1.0,0.0,0.0,1.0,0.0,0.0,0.0,0.0,1.0,0.0,0.0,0.0,0.0,0.0,0.0,0.0,0.0,1.0,1.0,0.0,0.0,0.0,0.0,0.0,1.0,0.0,0.0,1.0,0.0,0.0,1.0,0.0
-0.25493235849345375,0.0996045786554014,0.4783345406270387,0.7277823612437324,0.7031624336026958,-0.5490821079184883,-0.452228918387322,1.0,0.0,0.0,0.0,1.0,0.0,0.0,0.0,1.0,0.0,0.0,0.0,0.0,0.0,0.0,0.0,0.0,0.0,1.0,1.0,0.0,0.0,0.0,0.0,1.0,0.0,0.0,0.0,0.0,1.0,0.0,0.0,0.0
1.869419468445579,2.0341987979955096,0.4783345406270387,-0.46618317148792077,0.07341192703021858,0.3517161889431792,1.1842095751570987,1.0,0.0,1.0,0.0,0.0,0.0,1.0,0.0,0.0,0.0,0.0,0.0,0.0,1.0,0.0,0.0,0.0,0.0,0.0,0.0,0.0,1.0,0.0,0.0,0.0,0.0,0.0,1.0,1.0,0.0,0.0,0.0,0.0
0.8072435549760626,1.2704213533964286,-0.46508427634374117,-0.46618317148792077,-0.5563385795422586,-0.5490821079184883,2.3472456337339698,0.0,1.0,0.0,0.0,1.0,0.0,0.0,1.0,0.0,0.0,1.0,0.0,0.0,0.0,0.0,0.0,0.0,0.0,0.0,1.0,0.0,0.0,0.0,0.0,0.0,0.0,0.0,1.0,1.0,0.0,0.0,1.0,0.0
0.8072435549760626,0.18355214140433307,-0.46508427634374117,-0.46618317148792077,-0.5563385795422586,-0.5490821079184883,0.8382927278883081,0.0,1.0,1.0,0.0,0.0,0.0,0.0,0.0,0.0,1.0,0.0,0.0,0.0,0.0,0.0,0.0,0.0,0.0,1.0,1.0,0.0,0.0,0.0,0.0,1.0,0.0,0.0,0.0,1.0,0.0,0.0,1.0,0.0
0.9589829711859935,-0.5345878409959883,-0.46508427634374117,-0.46618317148792077,-0.5563385795422586,-0.5490821079184883,-0.1587356185681543,0.0,1.0,0.0,0.0,1.0,0.0,0.0,1.0,0.0,0.0,0.0,0.0,0.0,0.0,0.0,0.0,0.0,0.0,1.0,0.0,0.0,1.0,0.0,0.0,0.0,0.0,1.0,0.0,0.0,1.0,0.0,1.0,0.0
-0.10319294228352285,-0.7856207143069208,-0.46508427634374117,-0.46618317148792077,-0.5563385795422586,-0.5490821079184883,-0.5072566544626481,0.0,1.0,0.0,0.0,1.0,0.0,0.0,1.0,0.0,0.0,0.0,0.0,0.0,0.0,0.0,0.0,0.0,0.0,1.0,1.0,0.0,0.0,0.0,0.0,0.0,1.0,0.0,0.0,0.0,0.0,1.0,1.0,0.0
0.42789501445123534,1.4216518534671447,0.4783345406270387,-0.46618317148792077,0.07341192703021858,-0.5490821079184883,0.7589953535587047,1.0,0.0,0.0,0.0,1.0,0.0,0.0,0.0,1.0,0.0,0.0,0.0,1.0,0.0,0.0,0.0,0.0,0.0,0.0,1.0,0.0,0.0,0.0,0.0,0.0,0.0,0.0,1.0,1.0,0.0,0.0,0.0,0.0
-0.8618900233331774,-0.851888943757263,0.4783345406270387,-0.46618317148792077,0.07341192703021858,-0.5490821079184883,-0.8192377745296555,0.0,1.0,0.0,0.0,1.0,0.0,0.0,1.0,0.0,0.0,0.0,0.0,0.0,0.0,0.0,0.0,0.0,0.0,1.0,0.0,0.0,0.0,0.0,1.0,0.0,1.0,0.0,0.0,0.0,0.0,1.0,0.0,0.0
-0.8618900233331774,-0.7638727927161062,-0.46508427634374117,-0.46618317148792077,-0.5563385795422586,-0.5490821079184883,-0.4770629668335592,0.0,1.0,0.0,0.0,1.0,0.0,0.0,1.0,0.0,0.0,0.0,0.0,0.0,0.0,0.0,0.0,0.0,0.0,1.0,0.0,0.0,0.0,0.0,1.0,0.0,0.0,1.0,0.0,0.0,0.0,1.0,1.0,0.0
-1.5447173962778664,0.36242855256862155,3.3085909915393783,1.9217478939753856,3.222164459892605,2.153312782666514,-0.7355225197374993,0.0,1.0,0.0,0.0,1.0,1.0,0.0,0.0,0.0,0.0,0.0,0.0,0.0,0.0,0.0,0.0,0.0,0.0,1.0,0.0,1.0,0.0,0.0,0.0,0.0,0.0,0.0,1.0,0.0,0.0,1.0,0.0,1.0
0.5037647225562008,-0.7835912985640363,-0.46508427634374117,-0.46618317148792077,-0.5563385795422586,-0.5490821079184883,-0.5044391187843841,0.0,1.0,0.0,0.0,1.0,0.0,0.0,1.0,0.0,0.0,0.0,0.0,0.0,0.0,0.0,0.0,0.0,0.0,1.0,1.0,0.0,0.0,0.0,0.0,0.0,1.0,0.0,0.0,0.0,0.0,1.0,1.0,0.0
-2.075805353012625,0.19229423998906597,2.3651721745685985,1.9217478939753856,2.592413953320128,3.0541110795281816,-0.7242746309120119,1.0,0.0,0.0,0.0,1.0,0.0,1.0,0.0,0.0,0.0,0.0,0.0,0.0,0.0,0.0,0.0,0.0,0.0,1.0,0.0,1.0,0.0,0.0,0.0,1.0,0.0,0.0,0.0,0.0,0.0,1.0,0.0,1.0
-0.3308020665984192,-0.8248528330672014,-0.46508427634374117,-0.46618317148792077,-0.5563385795422586,-0.5490821079184883,-0.56172449562755,0.0,1.0,0.0,0.0,1.0,0.0,0.0,1.0,0.0,0.0,0.0,0.0,0.0,0.0,0.0,0.0,0.0,0.0,1.0,1.0,0.0,0.0,0.0,0.0,0.0,1.0,0.0,0.0,0.0,0.0,1.0,1.0,0.0
1.869419468445579,0.0996045786554014,-0.46508427634374117,-0.46618317148792077,-0.5563385795422586,-0.5490821079184883,0.7217442808893487,0.0,1.0,0.0,0.0,1.0,0.0,0.0,1.0,0.0,0.0,0.0,0.0,0.0,0.0,0.0,0.0,0.0,0.0,1.0,0.0,0.0,1.0,0.0,0.0,1.0,0.0,0.0,0.0,0.0,1.0,0.0,1.0,0.0
-1.5447173962778664,0.508170849007739,1.4217533575978185,1.9217478939753856,1.9626634467476503,2.153312782666514,-0.5735771096587086,1.0,0.0,0.0,0.0,1.0,0.0,1.0,0.0,0.0,0.0,0.0,0.0,0.0,0.0,0.0,0.0,0.0,0.0,1.0,0.0,1.0,0.0,0.0,0.0,0.0,0.0,0.0,1.0,0.0,0.0,1.0,0.0,1.0
3.026371214189201,0.29474070777890593,-0.46508427634374117,-0.46618317148792077,-0.5563385795422586,-0.5490821079184883,0.9926611730301189,0.0,1.0,0.0,0.0,1.0,0.0,0.0,1.0,0.0,0.0,1.0,0.0,0.0,0.0,0.0,0.0,0.0,0.0,0.0,0.0,0.0,0.0,1.0,0.0,1.0,0.0,0.0,0.0,1.0,0.0,0.0,1.0,0.0
0.8072435549760626,2.0341987979955096,-0.46508427634374117,-0.46618317148792077,-0.5563385795422586,1.2525144858048467,3.407634668339855,1.0,0.0,0.0,0.0,1.0,0.0,1.0,0.0,0.0,0.0,0.0,0.0,1.0,0.0,0.0,0.0,0.0,0.0,0.0,1.0,0.0,0.0,0.0,0.0,0.0,0.0,0.0,1.0,1.0,0.0,0.0,1.0,0.0
0.883113263081028,2.0341987979955096,-0.46508427634374117,-0.46618317148792077,-0.5563385795422586,0.3517161889431792,3.407634668339855,1.0,0.0,1.0,0.0,0.0,0.0,1.0,0.0,0.0,0.0,0.0,0.0,0.0,0.0,1.0,0.0,0.0,0.0,0.0,0.0,0.0,1.0,0.0,0.0,0.0,0.0,0.0,1.0,1.0,0.0,0.0,1.0,0.0
-0.40667177470338467,0.0996045786554014,0.4783345406270387,-0.46618317148792077,0.07341192703021858,-0.5490821079184883,-0.1587356185681543,1.0,0.0,0.0,0.0,1.0,0.0,0.0,0.0,1.0,0.0,0.0,0.0,0.0,0.0,0.0,0.0,0.0,0.0,1.0,1.0,0.0,0.0,0.0,0.0,1.0,0.0,0.0,0.0,0.0,1.0,0.0,0.0,0.0
-0.5584111909133156,-0.7297239701194929,-0.46508427634374117,-0.46618317148792077,-0.5563385795422586,-0.5490821079184883,-0.42965251070892446,0.0,1.0,0.0,0.0,1.0,0.0,0.0,1.0,0.0,0.0,0.0,0.0,0.0,0.0,0.0,0.0,0.0,0.0,1.0,1.0,0.0,0.0,0.0,0.0,0.0,0.0,1.0,0.0,0.0,0.0,1.0,1.0,0.0
-0.9377597314381428,1.6119095793625615,0.4783345406270387,-0.46618317148792077,0.07341192703021858,-0.5490821079184883,0.8910673384773301,1.0,0.0,0.0,0.0,1.0,0.0,0.0,0.0,1.0,0.0,0.0,1.0,0.0,0.0,0.0,0.0,0.0,0.0,0.0,0.0,0.0,0.0,0.0,1.0,0.0,0.0,0.0,1.0,1.0,0.0,0.0,0.0,0.0
1.18659209550089,0.19229423998906597,0.4783345406270387,4.309678959438692,2.592413953320128,3.0541110795281816,-0.7242746309120119,1.0,0.0,0.0,0.0,1.0,0.0,0.0,0.0,1.0,0.0,0.0,0.0,0.0,0.0,0.0,0.0,0.0,0.0,1.0,0.0,0.0,1.0,0.0,0.0,1.0,0.0,0.0,0.0,0.0,0.0,1.0,0.0,0.0
-0.7101506071232465,-0.8248528330672014,-0.46508427634374117,-0.46618317148792077,-0.5563385795422586,-0.5490821079184883,-0.56172449562755,0.0,1.0,0.0,0.0,1.0,0.0,0.0,1.0,0.0,0.0,0.0,0.0,0.0,0.0,0.0,0.0,0.0,0.0,1.0,0.0,0.0,0.0,0.0,1.0,0.0,1.0,0.0,0.0,0.0,0.0,1.0,1.0,0.0
1.7176800522356481,2.0341987979955096,0.4783345406270387,-0.46618317148792077,0.07341192703021858,0.3517161889431792,1.1842095751570987,1.0,0.0,1.0,0.0,0.0,0.0,0.0,0.0,1.0,0.0,0.0,0.0,0.0,1.0,0.0,0.0,0.0,0.0,0.0,0.0,0.0,1.0,0.0,0.0,0.0,0.0,0.0,1.0,1.0,0.0,0.0,0.0,0.0
0.42789501445123534,-0.8248528330672014,-0.46508427634374117,-0.46618317148792077,-0.5563385795422586,-0.5490821079184883,-0.56172449562755,0.0,1.0,0.0,0.0,1.0,0.0,0.0,1.0,0.0,0.0,0.0,0.0,0.0,0.0,0.0,0.0,0.0,0.0,1.0,1.0,0.0,0.0,0.0,0.0,0.0,1.0,0.0,0.0,0.0,0.0,1.0,1.0,0.0
0.048546473926408054,-0.8161107344824684,-0.46508427634374117,-0.46618317148792077,-0.5563385795422586,-0.5490821079184883,-0.5495874188596434,0.0,1.0,1.0,0.0,0.0,0.0,0.0,1.0,0.0,0.0,0.0,0.0,0.0,0.0,0.0,0.0,0.0,0.0,1.0,1.0,0.0,0.0,0.0,0.0,0.0,1.0,0.0,0.0,0.0,0.0,1.0,1.0,0.0
-0.25493235849345375,-0.11118146802380814,1.4217533575978185,-0.46618317148792077,0.7031624336026958,-0.5490821079184883,-0.5497770606841419,0.0,1.0,1.0,0.0,0.0,0.0,0.0,1.0,0.0,0.0,0.0,0.0,0.0,0.0,0.0,0.0,0.0,0.0,1.0,1.0,0.0,0.0,0.0,0.0,1.0,0.0,0.0,0.0,0.0,0.0,1.0,0.0,0.0
0.6555041387661317,2.0341987979955096,0.4783345406270387,-0.46618317148792077,0.07341192703021858,0.3517161889431792,1.1842095751570987,0.0,1.0,0.0,0.0,1.0,0.0,0.0,1.0,0.0,0.0,0.0,0.0,1.0,0.0,0.0,0.0,0.0,0.0,0.0,1.0,0.0,0.0,0.0,0.0,0.0,0.0,0.0,1.0,1.0,0.0,0.0,0.0,0.0
-0.5963460449657983,-0.46364610125313827,0.4783345406270387,-0.46618317148792077,0.07341192703021858,0.3517161889431792,-0.5497296502280173,1.0,0.0,1.0,0.0,0.0,0.0,1.0,0.0,0.0,0.0,0.0,0.0,0.0,0.0,0.0,0.0,0.0,0.0,1.0,1.0,0.0,0.0,0.0,0.0,1.0,0.0,0.0,0.0,0.0,0.0,1.0,0.0,0.0
0.7313738468710972,-1.168780260647378,-0.46508427634374117,-0.46618317148792077,-0.5563385795422586,-0.5490821079184883,-1.0392155180256573,0.0,1.0,0.0,0.0,1.0,0.0,0.0,1.0,0.0,0.0,1.0,0.0,0.0,0.0,0.0,0.0,0.0,0.0,0.0,1.0,0.0,0.0,0.0,0.0,0.0,1.0,0.0,0.0,1.0,0.0,0.0,1.0,0.0
0.1244161820313735,2.0341987979955096,0.4783345406270387,-0.46618317148792077,0.07341192703021858,0.3517161889431792,1.1842095751570987,1.0,0.0,1.0,0.0,0.0,0.0,1.0,0.0,0.0,0.0,0.0,0.0,0.0,1.0,0.0,0.0,0.0,0.0,0.0,1.0,0.0,0.0,0.0,0.0,0.0,0.0,0.0,1.0,1.0,0.0,0.0,0.0,0.0
-0.5584111909133156,-0.8018853106693649,-0.46508427634374117,-0.46618317148792077,-0.5563385795422586,-0.5490821079184883,-0.5298375774225812,0.0,1.0,0.0,0.0,1.0,0.0,0.0,1.0,0.0,0.0,0.0,0.0,0.0,0.0,0.0,0.0,0.0,0.0,1.0,1.0,0.0,0.0,0.0,0.0,0.0,1.0,0.0,0.0,0.0,0.0,1.0,1.0,0.0
-0.7101506071232465,-0.7821668048214347,-0.46508427634374117,-0.46618317148792077,-0.5563385795422586,-0.5490821079184883,-0.5024614254717564,0.0,1.0,0.0,0.0,1.0,0.0,0.0,1.0,0.0,0.0,0.0,0.0,0.0,0.0,0.0,0.0,0.0,0.0,1.0,0.0,0.0,0.0,0.0,1.0,0.0,0.0,1.0,0.0,0.0,0.0,1.0,1.0,0.0
-0.5584111909133156,2.0341987979955096,-0.46508427634374117,-0.46618317148792077,-0.5563385795422586,1.2525144858048467,3.407634668339855,1.0,0.0,0.0,0.0,1.0,0.0,1.0,0.0,0.0,0.0,0.0,0.0,0.0,0.0,0.0,0.0,0.0,0.0,1.0,1.0,0.0,0.0,0.0,0.0,0.0,0.0,0.0,1.0,1.0,0.0,0.0,1.0,0.0
-0.25493235849345375,-0.7856207143069208,-0.46508427634374117,-0.46618317148792077,-0.5563385795422586,-0.5490821079184883,-0.5072566544626481,1.0,0.0,0.0,0.0,1.0,0.0,1.0,0.0,0.0,0.0,0.0,0.0,0.0,0.0,0.0,0.0,0.0,0.0,1.0,1.0,0.0,0.0,0.0,0.0,0.0,1.0,0.0,0.0,0.0,0.0,1.0,1.0,0.0
-1.0894991476480738,-0.816315627418048,-0.46508427634374117,-0.46618317148792077,-0.5563385795422586,-0.5490821079184883,-0.5498718815963912,1.0,0.0,1.0,0.0,0.0,0.0,1.0,0.0,0.0,0.0,0.0,0.0,0.0,0.0,0.0,0.0,0.0,0.0,1.0,0.0,0.0,0.0,0.0,1.0,0.0,1.0,0.0,0.0,0.0,0.0,1.0,1.0,0.0
0.20028589013633896,-0.3955533489954914,0.4783345406270387,-0.46618317148792077,0.07341192703021858,0.3517161889431792,-0.5024614254717564,0.0,1.0,0.0,0.0,1.0,0.0,0.0,1.0,0.0,0.0,0.0,0.0,0.0,0.0,0.0,0.0,0.0,0.0,1.0,1.0,0.0,0.0,0.0,0.0,1.0,0.0,0.0,0.0,0.0,0.0,1.0,0.0,0.0
0.048546473926408054,2.0341987979955096,-0.46508427634374117,-0.46618317148792077,-0.5563385795422586,-0.5490821079184883,3.407634668339855,1.0,0.0,0.0,0.0,1.0,0.0,1.0,0.0,0.0,0.0,0.0,1.0,0.0,0.0,0.0,0.0,0.0,0.0,0.0,1.0,0.0,0.0,0.0,0.0,0.0,0.0,0.0,1.0,1.0,0.0,0.0,1.0,0.0
0.3520253063462699,-0.04674751818722701,-0.46508427634374117,0.7277823612437324,0.07341192703021858,0.3517161889431792,-0.2603294531209431,1.0,0.0,0.0,0.0,1.0,0.0,0.0,0.0,1.0,0.0,0.0,0.0,0.0,0.0,0.0,0.0,0.0,0.0,1.0,1.0,0.0,0.0,0.0,0.0,1.0,0.0,0.0,0.0,0.0,1.0,0.0,0.0,0.0
-0.5963460449657983,-0.790704010470588,-0.46508427634374117,-0.46618317148792077,-0.5563385795422586,-0.5490821079184883,-0.5143140395029151,1.0,0.0,0.0,1.0,0.0,0.0,1.0,0.0,0.0,0.0,0.0,0.0,0.0,0.0,0.0,0.0,0.0,0.0,1.0,1.0,0.0,0.0,0.0,0.0,0.0,1.0,0.0,0.0,0.0,0.0,1.0,1.0,0.0
-2.15167506111759,-0.1650487964683517,0.4783345406270387,1.9217478939753856,1.3329129401751731,0.3517161889431792,-0.6908333270383857,0.0,1.0,0.0,0.0,1.0,1.0,0.0,0.0,0.0,0.0,0.0,0.0,0.0,0.0,0.0,0.0,0.0,0.0,1.0,0.0,1.0,0.0,0.0,0.0,1.0,0.0,0.0,0.0,0.0,0.0,1.0,0.0,1.0
-0.10319294228352285,-0.5101958248555503,-0.46508427634374117,-0.46618317148792077,-0.5563385795422586,-0.5490821079184883,-0.12487100705055801,0.0,1.0,0.0,0.0,1.0,0.0,0.0,1.0,0.0,0.0,0.0,0.0,0.0,0.0,0.0,0.0,0.0,0.0,1.0,1.0,0.0,0.0,0.0,0.0,0.0,0.0,1.0,0.0,0.0,1.0,0.0,1.0,0.0
0.048546473926408054,2.0341987979955096,-0.46508427634374117,-0.46618317148792077,-0.5563385795422586,0.3517161889431792,3.407634668339855,1.0,0.0,0.0,0.0,1.0,0.0,1.0,0.0,0.0,0.0,0.0,1.0,0.0,0.0,0.0,0.0,0.0,0.0,0.0,1.0,0.0,0.0,0.0,0.0,0.0,0.0,0.0,1.0,1.0,0.0,0.0,1.0,0.0
-0.5584111909133156,-0.8150960266110261,-0.46508427634374117,-0.46618317148792077,-0.5563385795422586,-0.5490821079184883,-0.5481786510205114,0.0,1.0,0.0,0.0,1.0,0.0,0.0,1.0,0.0,0.0,0.0,0.0,0.0,0.0,0.0,0.0,0.0,0.0,1.0,1.0,0.0,0.0,0.0,0.0,0.0,1.0,0.0,0.0,0.0,0.0,1.0,1.0,0.0
-0.634280899018281,0.508170849007739,1.4217533575978185,1.9217478939753856,1.9626634467476503,2.153312782666514,-0.5735771096587086,1.0,0.0,0.0,0.0,1.0,0.0,1.0,0.0,0.0,0.0,0.0,0.0,0.0,0.0,0.0,0.0,0.0,0.0,1.0,1.0,0.0,0.0,0.0,0.0,0.0,0.0,0.0,1.0,0.0,0.0,1.0,0.0,0.0
0.5037647225562008,-0.5406858450310978,-0.46508427634374117,-0.46618317148792077,-0.5563385795422586,-0.5490821079184883,-0.16720177144755335,0.0,1.0,1.0,0.0,0.0,0.0,0.0,1.0,0.0,0.0,0.0,0.0,0.0,1.0,0.0,0.0,0.0,0.0,0.0,1.0,0.0,0.0,0.0,0.0,0.0,0.0,1.0,0.0,0.0,1.0,0.0,1.0,0.0
0.8072435549760626,-0.7835912985640363,-0.46508427634374117,-0.46618317148792077,-0.5563385795422586,-0.5490821079184883,-0.5044391187843841,0.0,1.0,0.0,0.0,1.0,0.0,0.0,1.0,0.0,0.0,0.0,0.0,0.0,0.0,0.0,0.0,0.0,0.0,1.0,1.0,0.0,0.0,0.0,0.0,0.0,1.0,0.0,0.0,0.0,0.0,1.0,1.0,0.0
-2.15167506111759,0.6364338266806184,-0.46508427634374117,1.9217478939753856,0.7031624336026958,-0.5490821079184883,-0.2037936130127001,0.0,1.0,1.0,0.0,0.0,1.0,0.0,0.0,0.0,0.0,0.0,0.0,0.0,0.0,0.0,0.0,0.0,0.0,1.0,0.0,1.0,0.0,0.0,0.0,0.0,0.0,0.0,1.0,0.0,1.0,0.0,0.0,1.0
0.8072435549760626,-0.41262776029379805,0.4783345406270387,0.7277823612437324,0.7031624336026958,0.3517161889431792,-0.6892811990104959,0.0,1.0,0.0,1.0,0.0,0.0,0.0,1.0,0.0,0.0,0.0,0.0,0.0,0.0,0.0,0.0,0.0,0.0,1.0,1.0,0.0,0.0,0.0,0.0,1.0,0.0,0.0,0.0,0.0,0.0,1.0,0.0,0.0
-0.10319294228352285,-0.7835912985640363,-0.46508427634374117,-0.46618317148792077,-0.5563385795422586,-0.5490821079184883,-0.5044391187843841,1.0,0.0,0.0,0.0,1.0,0.0,1.0,0.0,0.0,0.0,0.0,0.0,0.0,0.0,0.0,0.0,0.0,0.0,1.0,1.0,0.0,0.0,0.0,0.0,0.0,1.0,0.0,0.0,0.0,0.0,1.0,1.0,0.0
0.8072435549760626,-0.5345878409959883,-0.46508427634374117,-0.46618317148792077,-0.5563385795422586,-0.5490821079184883,-0.1587356185681543,1.0,0.0,0.0,0.0,1.0,0.0,1.0,0.0,0.0,0.0,0.0,0.0,0.0,0.0,0.0,0.0,0.0,0.0,1.0,1.0,0.0,0.0,0.0,0.0,0.0,0.0,1.0,0.0,0.0,1.0,0.0,1.0,0.0
-0.5963460449657983,-0.7915187038096787,-0.46508427634374117,-0.46618317148792077,-0.5563385795422586,-0.5490821079184883,-0.5154451175276028,1.0,0.0,0.0,1.0,0.0,0.0,1.0,0.0,0.0,0.0,0.0,0.0,0.0,0.0,0.0,0.0,0.0,0.0,1.0,1.0,0.0,0.0,0.0,0.0,0.0,1.0,0.0,0.0,0.0,0.0,1.0,1.0,0.0
-0.17906265038848831,-0.7835912985640363,-0.46508427634374117,-0.46618317148792077,-0.5563385795422586,-0.5490821079184883,-0.5044391187843841,0.0,1.0,0.0,0.0,1.0,0.0,0.0,1.0,0.0,0.0,0.0,0.0,0.0,0.0,0.0,0.0,0.0,0.0,1.0,1.0,0.0,0.0,0.0,0.0,0.0,0.0,1.0,0.0,0.0,0.0,1.0,1.0,0.0
-0.40667177470338467,2.0341987979955096,-0.46508427634374117,-0.46618317148792077,-0.5563385795422586,-0.5490821079184883,3.407634668339855,1.0,0.0,1.0,0.0,0.0,0.0,1.0,0.0,0.0,0.0,0.0,0.0,1.0,0.0,0.0,0.0,0.0,0.0,0.0,1.0,0.0,0.0,0.0,0.0,0.0,0.0,0.0,1.0,1.0,0.0,0.0,1.0,0.0
-1.8481962286977283,0.18497663514693463,0.4783345406270387,1.9217478939753856,1.3329129401751731,0.3517161889431792,-0.5693440332190091,1.0,0.0,0.0,0.0,1.0,0.0,1.0,0.0,0.0,0.0,0.0,0.0,0.0,0.0,0.0,0.0,0.0,0.0,1.0,0.0,1.0,0.0,0.0,0.0,1.0,0.0,0.0,0.0,0.0,1.0,0.0,0.0,1.0
0.3520253063462699,-0.851888943757263,-0.46508427634374117,-0.46618317148792077,-0.5563385795422586,-0.5490821079184883,-0.5992600310336536,0.0,1.0,0.0,0.0,1.0,0.0,0.0,1.0,0.0,0.0,0.0,0.0,0.0,0.0,0.0,0.0,0.0,0.0,1.0,1.0,0.0,0.0,0.0,0.0,0.0,1.0,0.0,0.0,0.0,0.0,1.0,1.0,0.0
-0.48254148280835013,2.0341987979955096,0.4783345406270387,-0.46618317148792077,0.07341192703021858,0.3517161889431792,1.1842095751570987,1.0,0.0,1.0,0.0,0.0,0.0,1.0,0.0,0.0,0.0,0.0,0.0,0.0,1.0,0.0,0.0,0.0,0.0,0.0,1.0,0.0,0.0,0.0,0.0,0.0,0.0,0.0,1.0,1.0,0.0,0.0,0.0,0.0
3.026371214189201,-0.790704010470588,-0.46508427634374117,-0.46618317148792077,-0.5563385795422586,-0.5490821079184883,-0.5143140395029151,0.0,1.0,0.0,1.0,0.0,0.0,0.0,1.0,0.0,0.0,0.0,0.0,0.0,0.0,0.0,0.0,0.0,0.0,1.0,0.0,0.0,0.0,1.0,0.0,0.0,1.0,0.0,0.0,0.0,0.0,1.0,1.0,0.0
-0.9377597314381428,-0.7821668048214347,3.3085909915393783,1.9217478939753856,3.222164459892605,-0.5490821079184883,-0.9625363619465286,1.0,0.0,0.0,0.0,1.0,0.0,1.0,0.0,0.0,0.0,0.0,0.0,0.0,0.0,0.0,0.0,0.0,0.0,1.0,0.0,0.0,0.0,0.0,1.0,0.0,0.0,1.0,0.0,0.0,0.0,1.0,0.0,0.0
-1.0136294395431082,1.6596789037719955,-0.46508427634374117,0.7277823612437324,0.07341192703021858,0.3517161889431792,0.9242275660753603,1.0,0.0,1.0,0.0,0.0,0.0,1.0,0.0,0.0,0.0,0.0,1.0,0.0,0.0,0.0,0.0,0.0,0.0,0.0,0.0,0.0,0.0,0.0,1.0,0.0,0.0,0.0,1.0,1.0,0.0,0.0,0.0,0.0
-0.7860203152282119,-0.7707854900903063,-0.46508427634374117,-0.46618317148792077,-0.5563385795422586,-0.5490821079184883,-0.48666019773764596,0.0,1.0,0.0,0.0,1.0,0.0,0.0,1.0,0.0,0.0,0.0,0.0,0.0,0.0,0.0,0.0,0.0,0.0,1.0,0.0,0.0,0.0,0.0,1.0,0.0,0.0,1.0,0.0,0.0,0.0,1.0,1.0,0.0
-0.3308020665984192,-0.8150960266110261,-0.46508427634374117,-0.46618317148792077,-0.5563385795422586,-0.5490821079184883,-0.5481786510205114,0.0,1.0,0.0,0.0,1.0,0.0,0.0,1.0,0.0,0.0,0.0,0.0,0.0,0.0,0.0,0.0,0.0,0.0,1.0,1.0,0.0,0.0,0.0,0.0,0.0,1.0,0.0,0.0,0.0,0.0,1.0,1.0,0.0
-0.3308020665984192,2.0341987979955096,0.4783345406270387,1.9217478939753856,1.3329129401751731,1.2525144858048467,0.07249702856572071,1.0,0.0,0.0,0.0,1.0,0.0,0.0,0.0,1.0,0.0,0.0,0.0,1.0,0.0,0.0,0.0,0.0,0.0,0.0,1.0,0.0,0.0,0.0,0.0,0.0,0.0,0.0,1.0,1.0,0.0,0.0,0.0,0.0
0.9589829711859935,1.3679894179581809,0.4783345406270387,-0.46618317148792077,0.07341192703021858,0.3517161889431792,0.7217442808893487,0.0,1.0,0.0,0.0,1.0,0.0,0.0,1.0,0.0,0.0,0.0,0.0,0.0,0.0,0.0,0.0,0.0,0.0,1.0,0.0,0.0,1.0,0.0,0.0,0.0,0.0,0.0,1.0,1.0,0.0,0.0,0.0,0.0
-0.634280899018281,-0.7821668048214347,-0.46508427634374117,-0.46618317148792077,-0.5563385795422586,-0.5490821079184883,-0.5024614254717564,0.0,1.0,0.0,0.0,1.0,0.0,0.0,1.0,0.0,0.0,0.0,0.0,0.0,0.0,0.0,0.0,0.0,0.0,1.0,1.0,0.0,0.0,0.0,0.0,0.0,0.0,1.0,0.0,0.0,0.0,1.0,1.0,0.0
-0.25493235849345375,-0.7835912985640363,-0.46508427634374117,-0.46618317148792077,-0.5563385795422586,-0.5490821079184883,-0.5044391187843841,0.0,1.0,0.0,0.0,1.0,0.0,0.0,1.0,0.0,0.0,0.0,0.0,0.0,0.0,0.0,0.0,0.0,0.0,1.0,1.0,0.0,0.0,0.0,0.0,0.0,0.0,1.0,0.0,0.0,0.0,1.0,1.0,0.0
0.048546473926408054,-1.168780260647378,-0.46508427634374117,-0.46618317148792077,-0.5563385795422586,1.2525144858048467,-1.0392155180256573,0.0,1.0,0.0,0.0,1.0,0.0,0.0,1.0,0.0,0.0,0.0,0.0,0.0,0.0,0.0,0.0,0.0,0.0,1.0,1.0,0.0,0.0,0.0,0.0,0.0,1.0,0.0,0.0,0.0,1.0,0.0,1.0,0.0
-1.0894991476480738,2.0341987979955096,-0.46508427634374117,0.7277823612437324,0.07341192703021858,0.3517161889431792,1.1842095751570987,1.0,0.0,0.0,0.0,1.0,0.0,1.0,0.0,0.0,0.0,0.0,1.0,0.0,0.0,0.0,0.0,0.0,0.0,0.0,0.0,0.0,0.0,0.0,1.0,0.0,0.0,0.0,1.0,1.0,0.0,0.0,0.0,0.0
1.18659209550089,-0.828511635488267,-0.46508427634374117,-0.46618317148792077,-0.5563385795422586,-0.5490821079184883,-0.5668041873551893,0.0,1.0,0.0,0.0,1.0,0.0,0.0,1.0,0.0,0.0,0.0,0.0,0.0,0.0,0.0,0.0,0.0,0.0,1.0,0.0,0.0,1.0,0.0,0.0,0.0,1.0,0.0,0.0,0.0,0.0,1.0,1.0,0.0
-0.25493235849345375,-0.19472412330480862,0.4783345406270387,-0.46618317148792077,0.07341192703021858,-0.5490821079184883,-0.36305097923726787,0.0,1.0,0.0,0.0,1.0,0.0,0.0,1.0,0.0,0.0,0.0,0.0,0.0,0.0,0.0,0.0,0.0,0.0,1.0,1.0,0.0,0.0,0.0,0.0,1.0,0.0,0.0,0.0,0.0,0.0,1.0,0.0,0.0
-0.3308020665984192,-0.7894844096635663,0.4783345406270387,-0.46618317148792077,0.07341192703021858,-0.5490821079184883,-0.7759181634763462,0.0,1.0,0.0,0.0,1.0,0.0,0.0,1.0,0.0,0.0,0.0,0.0,0.0,0.0,0.0,0.0,0.0,0.0,1.0,1.0,0.0,0.0,0.0,0.0,0.0,1.0,0.0,0.0,0.0,0.0,1.0,0.0,0.0
0.2761555982413044,-0.9248600992429975,-0.46508427634374117,-0.46618317148792077,-0.5563385795422586,-0.5490821079184883,-0.7005694028496946,0.0,1.0,0.0,0.0,1.0,0.0,0.0,1.0,0.0,0.0,0.0,1.0,0.0,0.0,0.0,0.0,0.0,0.0,0.0,1.0,0.0,0.0,0.0,0.0,0.0,1.0,0.0,0.0,1.0,0.0,0.0,1.0,0.0
-0.10319294228352285,-0.5345878409959883,-0.46508427634374117,-0.46618317148792077,-0.5563385795422586,-0.5490821079184883,-0.1587356185681543,1.0,0.0,0.0,0.0,1.0,0.0,1.0,0.0,0.0,0.0,0.0,0.0,0.0,0.0,0.0,0.0,0.0,0.0,1.0,1.0,0.0,0.0,0.0,0.0,0.0,0.0,1.0,0.0,0.0,1.0,0.0,1.0,0.0
0.20028589013633896,2.0341987979955096,1.4217533575978185,-0.46618317148792077,0.7031624336026958,3.0541110795281816,0.4430678774295135,0.0,1.0,0.0,0.0,1.0,0.0,0.0,1.0,0.0,0.0,0.0,0.0,0.0,0.0,0.0,0.0,0.0,0.0,1.0,1.0,0.0,0.0,0.0,0.0,0.0,0.0,0.0,1.0,0.0,1.0,0.0,0.0,0.0
-0.25493235849345375,0.29474070777890593,-0.46508427634374117,-0.46618317148792077,-0.5563385795422586,-0.5490821079184883,0.9926611730301189,0.0,1.0,1.0,0.0,0.0,0.0,0.0,1.0,0.0,0.0,0.0,0.0,1.0,0.0,0.0,0.0,0.0,0.0,0.0,1.0,0.0,0.0,0.0,0.0,1.0,0.0,0.0,0.0,1.0,0.0,0.0,1.0,0.0
0.5796344306611663,-0.7821668048214347,1.4217533575978185,-0.46618317148792077,0.7031624336026958,-0.5490821079184883,-0.860297487174357,0.0,1.0,0.0,0.0,1.0,0.0,0.0,1.0,0.0,0.0,0.0,0.0,0.0,0.0,0.0,0.0,0.0,0.0,1.0,1.0,0.0,0.0,0.0,0.0,0.0,0.0,1.0,0.0,0.0,0.0,1.0,0.0,0.0
1.565940636025717,0.23193126621727783,-0.46508427634374117,-0.46618317148792077,-0.5563385795422586,-0.5490821079184883,0.9054597983723084,1.0,0.0,1.0,0.0,0.0,0.0,1.0,0.0,0.0,0.0,0.0,0.0,1.0,0.0,0.0,0.0,0.0,0.0,0.0,0.0,0.0,1.0,0.0,0.0,1.0,0.0,0.0,0.0,1.0,0.0,0.0,1.0,0.0
1.565940636025717,2.0341987979955096,0.4783345406270387,-0.46618317148792077,0.07341192703021858,0.3517161889431792,1.1842095751570987,0.0,1.0,1.0,0.0,0.0,0.0,0.0,1.0,0.0,0.0,0.0,0.0,1.0,0.0,0.0,0.0,0.0,0.0,0.0,0.0,0.0,1.0,0.0,0.0,0.0,0.0,0.0,1.0,1.0,0.0,0.0,0.0,0.0
-0.5963460449657983,-0.7718001979617486,-0.46508427634374117,-0.46618317148792077,-0.5563385795422586,-0.5490821079184883,-0.48806896557677804,1.0,0.0,0.0,1.0,0.0,0.0,1.0,0.0,0.0,0.0,0.0,0.0,0.0,0.0,0.0,0.0,0.0,0.0,1.0,1.0,0.0,0.0,0.0,0.0,0.0,0.0,1.0,0.0,0.0,0.0,1.0,1.0,0.0
0.3520253063462699,-0.1443155827489793,0.4783345406270387,-0.46618317148792077,0.07341192703021858,-0.5490821079184883,-0.32805867615613565,0.0,1.0,0.0,0.0,1.0,0.0,0.0,1.0,0.0,0.0,0.0,0.0,0.0,0.0,0.0,0.0,0.0,0.0,1.0,1.0,0.0,0.0,0.0,0.0,1.0,0.0,0.0,0.0,0.0,1.0,0.0,0.0,0.0
-0.5963460449657983,-0.7844011134998988,-0.46508427634374117,-0.46618317148792077,-0.5563385795422586,-0.5490821079184883,-0.5055634238867682,1.0,0.0,0.0,1.0,0.0,0.0,1.0,0.0,0.0,0.0,0.0,0.0,0.0,0.0,0.0,0.0,0.0,0.0,1.0,1.0,0.0,0.0,0.0,0.0,0.0,1.0,0.0,0.0,0.0,0.0,1.0,1.0,0.0
0.42789501445123534,2.0341987979955096,-0.46508427634374117,-0.46618317148792077,-0.5563385795422586,0.3517161889431792,3.407634668339855,1.0,0.0,1.0,0.0,0.0,0.0,1.0,0.0,0.0,0.0,0.0,0.0,0.0,0.0,0.0,0.0,0.0,0.0,1.0,1.0,0.0,0.0,0.0,0.0,0.0,0.0,0.0,1.0,1.0,0.0,0.0,1.0,0.0
1.4142012198157863,0.508170849007739,0.4783345406270387,3.1157134267070385,1.9626634467476503,2.153312782666514,-0.5735771096587086,1.0,0.0,0.0,0.0,1.0,0.0,0.0,0.0,1.0,0.0,0.0,0.0,0.0,0.0,0.0,0.0,0.0,0.0,1.0,0.0,0.0,1.0,0.0,0.0,0.0,0.0,0.0,1.0,0.0,0.0,1.0,0.0,0.0
1.3383315117108208,0.7094049821663531,-0.46508427634374117,-0.46618317148792077,-0.5563385795422586,-0.5490821079184883,1.5683595688292553,0.0,1.0,0.0,0.0,1.0,0.0,0.0,1.0,0.0,0.0,0.0,0.0,0.0,0.0,1.0,0.0,0.0,0.0,0.0,0.0,0.0,1.0,0.0,0.0,0.0,0.0,0.0,1.0,1.0,0.0,0.0,1.0,0.0
0.8072435549760626,0.1264357964098833,-0.46508427634374117,-0.46618317148792077,-0.5563385795422586,-0.5490821079184883,0.7589953535587047,0.0,1.0,0.0,0.0,1.0,0.0,0.0,1.0,0.0,0.0,0.0,0.0,0.0,0.0,0.0,0.0,0.0,0.0,1.0,1.0,0.0,0.0,0.0,0.0,1.0,0.0,0.0,0.0,1.0,0.0,0.0,1.0,0.0
